solid toy_f35_jet
  facet normal 1.7577e-01 9.1402e-01 3.6561e-01
    outer loop
      vertex 0.0000e+00 -4.0000e-02 7.6000e+00
      vertex 5.2000e-02 -1.0000e-02 7.5000e+00
      vertex 0.0000e+00 0.0000e+00 7.5000e+00
    endloop
  endfacet
  facet normal 6.3105e-01 5.8898e-01 5.0484e-01
    outer loop
      vertex 0.0000e+00 -4.0000e-02 7.6000e+00
      vertex 8.0000e-02 -4.0000e-02 7.5000e+00
      vertex 5.2000e-02 -1.0000e-02 7.5000e+00
    endloop
  endfacet
  facet normal 6.3105e-01 -5.8898e-01 5.0484e-01
    outer loop
      vertex 0.0000e+00 -4.0000e-02 7.6000e+00
      vertex 5.2000e-02 -7.0000e-02 7.5000e+00
      vertex 8.0000e-02 -4.0000e-02 7.5000e+00
    endloop
  endfacet
  facet normal 1.7577e-01 -9.1402e-01 3.6561e-01
    outer loop
      vertex 0.0000e+00 -4.0000e-02 7.6000e+00
      vertex 0.0000e+00 -8.0000e-02 7.5000e+00
      vertex 5.2000e-02 -7.0000e-02 7.5000e+00
    endloop
  endfacet
  facet normal -1.7577e-01 -9.1402e-01 3.6561e-01
    outer loop
      vertex 0.0000e+00 -4.0000e-02 7.6000e+00
      vertex -5.2000e-02 -7.0000e-02 7.5000e+00
      vertex 0.0000e+00 -8.0000e-02 7.5000e+00
    endloop
  endfacet
  facet normal -6.3105e-01 -5.8898e-01 5.0484e-01
    outer loop
      vertex 0.0000e+00 -4.0000e-02 7.6000e+00
      vertex -8.0000e-02 -4.0000e-02 7.5000e+00
      vertex -5.2000e-02 -7.0000e-02 7.5000e+00
    endloop
  endfacet
  facet normal -6.3105e-01 5.8898e-01 5.0484e-01
    outer loop
      vertex 0.0000e+00 -4.0000e-02 7.6000e+00
      vertex -5.2000e-02 -1.0000e-02 7.5000e+00
      vertex -8.0000e-02 -4.0000e-02 7.5000e+00
    endloop
  endfacet
  facet normal -1.7577e-01 9.1402e-01 3.6561e-01
    outer loop
      vertex 0.0000e+00 -4.0000e-02 7.6000e+00
      vertex 0.0000e+00 0.0000e+00 7.5000e+00
      vertex -5.2000e-02 -1.0000e-02 7.5000e+00
    endloop
  endfacet
  facet normal 1.6773e-01 8.7221e-01 4.5947e-01
    outer loop
      vertex 0.0000e+00 0.0000e+00 7.5000e+00
      vertex 5.2000e-02 -1.0000e-02 7.5000e+00
      vertex 5.5250e-01 2.6250e-01 6.8000e+00
    endloop
  endfacet
  facet normal 1.4025e-01 8.8559e-01 4.4279e-01
    outer loop
      vertex 0.0000e+00 0.0000e+00 7.5000e+00
      vertex 5.5250e-01 2.6250e-01 6.8000e+00
      vertex 0.0000e+00 3.5000e-01 6.8000e+00
    endloop
  endfacet
  facet normal 5.5890e-01 5.2164e-01 6.4460e-01
    outer loop
      vertex 5.2000e-02 -1.0000e-02 7.5000e+00
      vertex 8.0000e-02 -4.0000e-02 7.5000e+00
      vertex 8.5000e-01 0.0000e+00 6.8000e+00
    endloop
  endfacet
  facet normal 5.2550e-01 5.9557e-01 6.0758e-01
    outer loop
      vertex 5.2000e-02 -1.0000e-02 7.5000e+00
      vertex 8.5000e-01 0.0000e+00 6.8000e+00
      vertex 5.5250e-01 2.6250e-01 6.8000e+00
    endloop
  endfacet
  facet normal 5.9599e-01 -5.5626e-01 5.7911e-01
    outer loop
      vertex 8.0000e-02 -4.0000e-02 7.5000e+00
      vertex 5.2000e-02 -7.0000e-02 7.5000e+00
      vertex 5.5250e-01 -2.6250e-01 6.8000e+00
    endloop
  endfacet
  facet normal 5.4586e-01 -6.1864e-01 5.6509e-01
    outer loop
      vertex 8.0000e-02 -4.0000e-02 7.5000e+00
      vertex 5.5250e-01 -2.6250e-01 6.8000e+00
      vertex 8.5000e-01 0.0000e+00 6.8000e+00
    endloop
  endfacet
  facet normal 1.7660e-01 -9.1834e-01 3.5422e-01
    outer loop
      vertex 5.2000e-02 -7.0000e-02 7.5000e+00
      vertex 0.0000e+00 -8.0000e-02 7.5000e+00
      vertex 0.0000e+00 -3.5000e-01 6.8000e+00
    endloop
  endfacet
  facet normal 1.4605e-01 -9.2221e-01 3.5804e-01
    outer loop
      vertex 5.2000e-02 -7.0000e-02 7.5000e+00
      vertex 0.0000e+00 -3.5000e-01 6.8000e+00
      vertex 5.5250e-01 -2.6250e-01 6.8000e+00
    endloop
  endfacet
  facet normal -1.7503e-01 -9.1017e-01 3.7544e-01
    outer loop
      vertex 0.0000e+00 -8.0000e-02 7.5000e+00
      vertex -5.2000e-02 -7.0000e-02 7.5000e+00
      vertex -5.5250e-01 -2.6250e-01 6.8000e+00
    endloop
  endfacet
  facet normal -1.4617e-01 -9.2298e-01 3.5601e-01
    outer loop
      vertex 0.0000e+00 -8.0000e-02 7.5000e+00
      vertex -5.5250e-01 -2.6250e-01 6.8000e+00
      vertex 0.0000e+00 -3.5000e-01 6.8000e+00
    endloop
  endfacet
  facet normal -5.8059e-01 -5.4188e-01 6.0768e-01
    outer loop
      vertex -5.2000e-02 -7.0000e-02 7.5000e+00
      vertex -8.0000e-02 -4.0000e-02 7.5000e+00
      vertex -8.5000e-01 0.0000e+00 6.8000e+00
    endloop
  endfacet
  facet normal -5.4730e-01 -6.2027e-01 5.6189e-01
    outer loop
      vertex -5.2000e-02 -7.0000e-02 7.5000e+00
      vertex -8.5000e-01 0.0000e+00 6.8000e+00
      vertex -5.5250e-01 -2.6250e-01 6.8000e+00
    endloop
  endfacet
  facet normal -5.7411e-01 5.3584e-01 6.1909e-01
    outer loop
      vertex -8.0000e-02 -4.0000e-02 7.5000e+00
      vertex -5.2000e-02 -1.0000e-02 7.5000e+00
      vertex -5.5250e-01 2.6250e-01 6.8000e+00
    endloop
  endfacet
  facet normal -5.2406e-01 5.9394e-01 6.1041e-01
    outer loop
      vertex -8.0000e-02 -4.0000e-02 7.5000e+00
      vertex -5.5250e-01 2.6250e-01 6.8000e+00
      vertex -8.5000e-01 0.0000e+00 6.8000e+00
    endloop
  endfacet
  facet normal -1.6952e-01 8.8148e-01 4.4074e-01
    outer loop
      vertex -5.2000e-02 -1.0000e-02 7.5000e+00
      vertex 0.0000e+00 0.0000e+00 7.5000e+00
      vertex 0.0000e+00 3.5000e-01 6.8000e+00
    endloop
  endfacet
  facet normal -1.4011e-01 8.8471e-01 4.4459e-01
    outer loop
      vertex -5.2000e-02 -1.0000e-02 7.5000e+00
      vertex 0.0000e+00 3.5000e-01 6.8000e+00
      vertex -5.5250e-01 2.6250e-01 6.8000e+00
    endloop
  endfacet
  facet normal 1.4943e-01 9.4354e-01 2.9566e-01
    outer loop
      vertex 0.0000e+00 3.5000e-01 6.8000e+00
      vertex 5.5250e-01 2.6250e-01 6.8000e+00
      vertex 1.0725e+00 5.8750e-01 5.5000e+00
    endloop
  endfacet
  facet normal 1.4332e-01 9.4591e-01 2.9105e-01
    outer loop
      vertex 0.0000e+00 3.5000e-01 6.8000e+00
      vertex 1.0725e+00 5.8750e-01 5.5000e+00
      vertex 0.0000e+00 7.5000e-01 5.5000e+00
    endloop
  endfacet
  facet normal 5.9997e-01 6.7997e-01 4.2152e-01
    outer loop
      vertex 5.5250e-01 2.6250e-01 6.8000e+00
      vertex 8.5000e-01 0.0000e+00 6.8000e+00
      vertex 1.6500e+00 1.0000e-01 5.5000e+00
    endloop
  endfacet
  facet normal 5.8844e-01 6.9708e-01 4.0965e-01
    outer loop
      vertex 5.5250e-01 2.6250e-01 6.8000e+00
      vertex 1.6500e+00 1.0000e-01 5.5000e+00
      vertex 1.0725e+00 5.8750e-01 5.5000e+00
    endloop
  endfacet
  facet normal 6.1847e-01 -7.0093e-01 3.5522e-01
    outer loop
      vertex 8.5000e-01 0.0000e+00 6.8000e+00
      vertex 5.5250e-01 -2.6250e-01 6.8000e+00
      vertex 1.0725e+00 -4.6250e-01 5.5000e+00
    endloop
  endfacet
  facet normal 6.5347e-01 -6.7090e-01 3.5053e-01
    outer loop
      vertex 8.5000e-01 0.0000e+00 6.8000e+00
      vertex 1.0725e+00 -4.6250e-01 5.5000e+00
      vertex 1.6500e+00 1.0000e-01 5.5000e+00
    endloop
  endfacet
  facet normal 1.5251e-01 -9.6299e-01 2.2223e-01
    outer loop
      vertex 5.5250e-01 -2.6250e-01 6.8000e+00
      vertex 0.0000e+00 -3.5000e-01 6.8000e+00
      vertex 0.0000e+00 -6.5000e-01 5.5000e+00
    endloop
  endfacet
  facet normal 1.6818e-01 -9.6197e-01 2.1527e-01
    outer loop
      vertex 5.5250e-01 -2.6250e-01 6.8000e+00
      vertex 0.0000e+00 -6.5000e-01 5.5000e+00
      vertex 1.0725e+00 -4.6250e-01 5.5000e+00
    endloop
  endfacet
  facet normal -1.5294e-01 -9.6572e-01 2.0975e-01
    outer loop
      vertex 0.0000e+00 -3.5000e-01 6.8000e+00
      vertex -5.5250e-01 -2.6250e-01 6.8000e+00
      vertex -1.0725e+00 -4.6250e-01 5.5000e+00
    endloop
  endfacet
  facet normal -1.6793e-01 -9.6055e-01 2.2167e-01
    outer loop
      vertex 0.0000e+00 -3.5000e-01 6.8000e+00
      vertex -1.0725e+00 -4.6250e-01 5.5000e+00
      vertex 0.0000e+00 -6.5000e-01 5.5000e+00
    endloop
  endfacet
  facet normal -6.2458e-01 -7.0786e-01 3.2991e-01
    outer loop
      vertex -5.5250e-01 -2.6250e-01 6.8000e+00
      vertex -8.5000e-01 0.0000e+00 6.8000e+00
      vertex -1.6500e+00 1.0000e-01 5.5000e+00
    endloop
  endfacet
  facet normal -6.5021e-01 -6.6755e-01 3.6278e-01
    outer loop
      vertex -5.5250e-01 -2.6250e-01 6.8000e+00
      vertex -1.6500e+00 1.0000e-01 5.5000e+00
      vertex -1.0725e+00 -4.6250e-01 5.5000e+00
    endloop
  endfacet
  facet normal -6.0287e-01 6.8325e-01 4.1196e-01
    outer loop
      vertex -8.5000e-01 0.0000e+00 6.8000e+00
      vertex -5.5250e-01 2.6250e-01 6.8000e+00
      vertex -1.0725e+00 5.8750e-01 5.5000e+00
    endloop
  endfacet
  facet normal -5.8697e-01 6.9533e-01 4.1470e-01
    outer loop
      vertex -8.5000e-01 0.0000e+00 6.8000e+00
      vertex -1.0725e+00 5.8750e-01 5.5000e+00
      vertex -1.6500e+00 1.0000e-01 5.5000e+00
    endloop
  endfacet
  facet normal -1.4966e-01 9.4501e-01 2.9077e-01
    outer loop
      vertex -5.5250e-01 2.6250e-01 6.8000e+00
      vertex 0.0000e+00 3.5000e-01 6.8000e+00
      vertex 0.0000e+00 7.5000e-01 5.5000e+00
    endloop
  endfacet
  facet normal -1.4320e-01 9.4515e-01 2.9357e-01
    outer loop
      vertex -5.5250e-01 2.6250e-01 6.8000e+00
      vertex 0.0000e+00 7.5000e-01 5.5000e+00
      vertex -1.0725e+00 5.8750e-01 5.5000e+00
    endloop
  endfacet
  facet normal 1.4511e-01 9.5773e-01 2.4838e-01
    outer loop
      vertex 0.0000e+00 7.5000e-01 5.5000e+00
      vertex 1.0725e+00 5.8750e-01 5.5000e+00
      vertex 1.4950e+00 9.1250e-01 4.0000e+00
    endloop
  endfacet
  facet normal 1.5172e-01 9.5505e-01 2.5468e-01
    outer loop
      vertex 0.0000e+00 7.5000e-01 5.5000e+00
      vertex 1.4950e+00 9.1250e-01 4.0000e+00
      vertex 0.0000e+00 1.1500e+00 4.0000e+00
    endloop
  endfacet
  facet normal 6.1248e-01 7.2555e-01 3.1378e-01
    outer loop
      vertex 1.0725e+00 5.8750e-01 5.5000e+00
      vertex 1.6500e+00 1.0000e-01 5.5000e+00
      vertex 2.3000e+00 2.0000e-01 4.0000e+00
    endloop
  endfacet
  facet normal 6.2577e-01 7.0702e-01 3.2945e-01
    outer loop
      vertex 1.0725e+00 5.8750e-01 5.5000e+00
      vertex 2.3000e+00 2.0000e-01 4.0000e+00
      vertex 1.4950e+00 9.1250e-01 4.0000e+00
    endloop
  endfacet
  facet normal 6.7591e-01 -6.9393e-01 2.4821e-01
    outer loop
      vertex 1.6500e+00 1.0000e-01 5.5000e+00
      vertex 1.0725e+00 -4.6250e-01 5.5000e+00
      vertex 1.4950e+00 -5.8750e-01 4.0000e+00
    endloop
  endfacet
  facet normal 6.7755e-01 -6.9261e-01 2.4743e-01
    outer loop
      vertex 1.6500e+00 1.0000e-01 5.5000e+00
      vertex 1.4950e+00 -5.8750e-01 4.0000e+00
      vertex 2.3000e+00 2.0000e-01 4.0000e+00
    endloop
  endfacet
  facet normal 1.7075e-01 -9.7667e-01 1.3022e-01
    outer loop
      vertex 1.0725e+00 -4.6250e-01 5.5000e+00
      vertex 0.0000e+00 -6.5000e-01 5.5000e+00
      vertex 0.0000e+00 -8.5000e-01 4.0000e+00
    endloop
  endfacet
  facet normal 1.7148e-01 -9.7661e-01 1.2968e-01
    outer loop
      vertex 1.0725e+00 -4.6250e-01 5.5000e+00
      vertex 0.0000e+00 -8.5000e-01 4.0000e+00
      vertex 1.4950e+00 -5.8750e-01 4.0000e+00
    endloop
  endfacet
  facet normal -1.7076e-01 -9.7677e-01 1.2950e-01
    outer loop
      vertex 0.0000e+00 -6.5000e-01 5.5000e+00
      vertex -1.0725e+00 -4.6250e-01 5.5000e+00
      vertex -1.4950e+00 -5.8750e-01 4.0000e+00
    endloop
  endfacet
  facet normal -1.7147e-01 -9.7655e-01 1.3021e-01
    outer loop
      vertex 0.0000e+00 -6.5000e-01 5.5000e+00
      vertex -1.4950e+00 -5.8750e-01 4.0000e+00
      vertex 0.0000e+00 -8.5000e-01 4.0000e+00
    endloop
  endfacet
  facet normal -6.7617e-01 -6.9420e-01 2.4673e-01
    outer loop
      vertex -1.0725e+00 -4.6250e-01 5.5000e+00
      vertex -1.6500e+00 1.0000e-01 5.5000e+00
      vertex -2.3000e+00 2.0000e-01 4.0000e+00
    endloop
  endfacet
  facet normal -6.7736e-01 -6.9241e-01 2.4849e-01
    outer loop
      vertex -1.0725e+00 -4.6250e-01 5.5000e+00
      vertex -2.3000e+00 2.0000e-01 4.0000e+00
      vertex -1.4950e+00 -5.8750e-01 4.0000e+00
    endloop
  endfacet
  facet normal -6.0936e-01 7.2185e-01 3.2804e-01
    outer loop
      vertex -1.6500e+00 1.0000e-01 5.5000e+00
      vertex -1.0725e+00 5.8750e-01 5.5000e+00
      vertex -1.4950e+00 9.1250e-01 4.0000e+00
    endloop
  endfacet
  facet normal -6.2805e-01 7.0958e-01 3.1946e-01
    outer loop
      vertex -1.6500e+00 1.0000e-01 5.5000e+00
      vertex -1.4950e+00 9.1250e-01 4.0000e+00
      vertex -2.3000e+00 2.0000e-01 4.0000e+00
    endloop
  endfacet
  facet normal -1.4486e-01 9.5604e-01 2.5495e-01
    outer loop
      vertex -1.0725e+00 5.8750e-01 5.5000e+00
      vertex 0.0000e+00 7.5000e-01 5.5000e+00
      vertex 0.0000e+00 1.1500e+00 4.0000e+00
    endloop
  endfacet
  facet normal -1.5191e-01 9.5626e-01 2.4998e-01
    outer loop
      vertex -1.0725e+00 5.8750e-01 5.5000e+00
      vertex 0.0000e+00 1.1500e+00 4.0000e+00
      vertex -1.4950e+00 9.1250e-01 4.0000e+00
    endloop
  endfacet
  facet normal 1.5479e-01 9.7433e-01 1.6345e-01
    outer loop
      vertex 0.0000e+00 1.1500e+00 4.0000e+00
      vertex 1.4950e+00 9.1250e-01 4.0000e+00
      vertex 1.8200e+00 1.1125e+00 2.5000e+00
    endloop
  endfacet
  facet normal 1.5396e-01 9.7463e-01 1.6244e-01
    outer loop
      vertex 0.0000e+00 1.1500e+00 4.0000e+00
      vertex 1.8200e+00 1.1125e+00 2.5000e+00
      vertex 0.0000e+00 1.4000e+00 2.5000e+00
    endloop
  endfacet
  facet normal 6.4360e-01 7.2716e-01 2.3877e-01
    outer loop
      vertex 1.4950e+00 9.1250e-01 4.0000e+00
      vertex 2.3000e+00 2.0000e-01 4.0000e+00
      vertex 2.8000e+00 2.5000e-01 2.5000e+00
    endloop
  endfacet
  facet normal 6.4195e-01 7.2941e-01 2.3634e-01
    outer loop
      vertex 1.4950e+00 9.1250e-01 4.0000e+00
      vertex 2.8000e+00 2.5000e-01 2.5000e+00
      vertex 1.8200e+00 1.1125e+00 2.5000e+00
    endloop
  endfacet
  facet normal 6.8582e-01 -7.0106e-01 1.9533e-01
    outer loop
      vertex 2.3000e+00 2.0000e-01 4.0000e+00
      vertex 1.4950e+00 -5.8750e-01 4.0000e+00
      vertex 1.8200e+00 -6.8750e-01 2.5000e+00
    endloop
  endfacet
  facet normal 6.7700e-01 -7.0769e-01 2.0208e-01
    outer loop
      vertex 2.3000e+00 2.0000e-01 4.0000e+00
      vertex 1.8200e+00 -6.8750e-01 2.5000e+00
      vertex 2.8000e+00 2.5000e-01 2.5000e+00
    endloop
  endfacet
  facet normal 1.7211e-01 -9.8019e-01 9.8019e-02
    outer loop
      vertex 1.4950e+00 -5.8750e-01 4.0000e+00
      vertex 0.0000e+00 -8.5000e-01 4.0000e+00
      vertex 0.0000e+00 -1.0000e+00 2.5000e+00
    endloop
  endfacet
  facet normal 1.6835e-01 -9.8045e-01 1.0184e-01
    outer loop
      vertex 1.4950e+00 -5.8750e-01 4.0000e+00
      vertex 0.0000e+00 -1.0000e+00 2.5000e+00
      vertex 1.8200e+00 -6.8750e-01 2.5000e+00
    endloop
  endfacet
  facet normal -1.7203e-01 -9.7974e-01 1.0259e-01
    outer loop
      vertex 0.0000e+00 -8.5000e-01 4.0000e+00
      vertex -1.4950e+00 -5.8750e-01 4.0000e+00
      vertex -1.8200e+00 -6.8750e-01 2.5000e+00
    endloop
  endfacet
  facet normal -1.6841e-01 -9.8082e-01 9.8082e-02
    outer loop
      vertex 0.0000e+00 -8.5000e-01 4.0000e+00
      vertex -1.8200e+00 -6.8750e-01 2.5000e+00
      vertex 0.0000e+00 -1.0000e+00 2.5000e+00
    endloop
  endfacet
  facet normal -6.8447e-01 -6.9968e-01 2.0483e-01
    outer loop
      vertex -1.4950e+00 -5.8750e-01 4.0000e+00
      vertex -2.3000e+00 2.0000e-01 4.0000e+00
      vertex -2.8000e+00 2.5000e-01 2.5000e+00
    endloop
  endfacet
  facet normal -6.7811e-01 -7.0885e-01 1.9418e-01
    outer loop
      vertex -1.4950e+00 -5.8750e-01 4.0000e+00
      vertex -2.8000e+00 2.5000e-01 2.5000e+00
      vertex -1.8200e+00 -6.8750e-01 2.5000e+00
    endloop
  endfacet
  facet normal -6.4397e-01 7.2757e-01 2.3654e-01
    outer loop
      vertex -2.3000e+00 2.0000e-01 4.0000e+00
      vertex -1.4950e+00 9.1250e-01 4.0000e+00
      vertex -1.8200e+00 1.1125e+00 2.5000e+00
    endloop
  endfacet
  facet normal -6.4166e-01 7.2907e-01 2.3819e-01
    outer loop
      vertex -2.3000e+00 2.0000e-01 4.0000e+00
      vertex -1.8200e+00 1.1125e+00 2.5000e+00
      vertex -2.8000e+00 2.5000e-01 2.5000e+00
    endloop
  endfacet
  facet normal -1.5481e-01 9.7450e-01 1.6242e-01
    outer loop
      vertex -1.4950e+00 9.1250e-01 4.0000e+00
      vertex 0.0000e+00 1.1500e+00 4.0000e+00
      vertex 0.0000e+00 1.4000e+00 2.5000e+00
    endloop
  endfacet
  facet normal -1.5394e-01 9.7450e-01 1.6329e-01
    outer loop
      vertex -1.4950e+00 9.1250e-01 4.0000e+00
      vertex 0.0000e+00 1.4000e+00 2.5000e+00
      vertex -1.8200e+00 1.1125e+00 2.5000e+00
    endloop
  endfacet
  facet normal 1.5577e-01 9.8607e-01 5.8401e-02
    outer loop
      vertex 0.0000e+00 1.4000e+00 2.5000e+00
      vertex 1.8200e+00 1.1125e+00 2.5000e+00
      vertex 2.1450e+00 1.1500e+00 1.0000e+00
    endloop
  endfacet
  facet normal 1.3844e-01 9.8982e-01 3.2994e-02
    outer loop
      vertex 0.0000e+00 1.4000e+00 2.5000e+00
      vertex 2.1450e+00 1.1500e+00 1.0000e+00
      vertex 0.0000e+00 1.4500e+00 1.0000e+00
    endloop
  endfacet
  facet normal 6.4521e-01 7.3311e-01 2.1507e-01
    outer loop
      vertex 1.8200e+00 1.1125e+00 2.5000e+00
      vertex 2.8000e+00 2.5000e-01 2.5000e+00
      vertex 3.3000e+00 2.5000e-01 1.0000e+00
    endloop
  endfacet
  facet normal 6.0759e-01 7.7974e-01 1.5114e-01
    outer loop
      vertex 1.8200e+00 1.1125e+00 2.5000e+00
      vertex 3.3000e+00 2.5000e-01 1.0000e+00
      vertex 2.1450e+00 1.1500e+00 1.0000e+00
    endloop
  endfacet
  facet normal 6.7962e-01 -7.1043e-01 1.8277e-01
    outer loop
      vertex 2.8000e+00 2.5000e-01 2.5000e+00
      vertex 1.8200e+00 -6.8750e-01 2.5000e+00
      vertex 2.1450e+00 -7.6250e-01 1.0000e+00
    endloop
  endfacet
  facet normal 6.4384e-01 -7.3445e-01 2.1461e-01
    outer loop
      vertex 2.8000e+00 2.5000e-01 2.5000e+00
      vertex 2.1450e+00 -7.6250e-01 1.0000e+00
      vertex 3.3000e+00 2.5000e-01 1.0000e+00
    endloop
  endfacet
  facet normal 1.6886e-01 -9.8346e-01 6.5564e-02
    outer loop
      vertex 1.8200e+00 -6.8750e-01 2.5000e+00
      vertex 0.0000e+00 -1.0000e+00 2.5000e+00
      vertex 0.0000e+00 -1.1000e+00 1.0000e+00
    endloop
  endfacet
  facet normal 1.5490e-01 -9.8446e-01 8.2784e-02
    outer loop
      vertex 1.8200e+00 -6.8750e-01 2.5000e+00
      vertex 0.0000e+00 -1.1000e+00 1.0000e+00
      vertex 2.1450e+00 -7.6250e-01 1.0000e+00
    endloop
  endfacet
  facet normal -1.6861e-01 -9.8196e-01 8.5629e-02
    outer loop
      vertex 0.0000e+00 -1.0000e+00 2.5000e+00
      vertex -1.8200e+00 -6.8750e-01 2.5000e+00
      vertex -2.1450e+00 -7.6250e-01 1.0000e+00
    endloop
  endfacet
  facet normal -1.5509e-01 -9.8571e-01 6.5714e-02
    outer loop
      vertex 0.0000e+00 -1.0000e+00 2.5000e+00
      vertex -2.1450e+00 -7.6250e-01 1.0000e+00
      vertex 0.0000e+00 -1.1000e+00 1.0000e+00
    endloop
  endfacet
  facet normal -6.7361e-01 -7.0415e-01 2.2454e-01
    outer loop
      vertex -1.8200e+00 -6.8750e-01 2.5000e+00
      vertex -2.8000e+00 2.5000e-01 2.5000e+00
      vertex -3.3000e+00 2.5000e-01 1.0000e+00
    endloop
  endfacet
  facet normal -6.4872e-01 -7.4002e-01 1.7756e-01
    outer loop
      vertex -1.8200e+00 -6.8750e-01 2.5000e+00
      vertex -3.3000e+00 2.5000e-01 1.0000e+00
      vertex -2.1450e+00 -7.6250e-01 1.0000e+00
    endloop
  endfacet
  facet normal -6.5218e-01 7.4103e-01 1.5983e-01
    outer loop
      vertex -2.8000e+00 2.5000e-01 2.5000e+00
      vertex -1.8200e+00 1.1125e+00 2.5000e+00
      vertex -2.1450e+00 1.1500e+00 1.0000e+00
    endloop
  endfacet
  facet normal -6.0214e-01 7.7275e-01 2.0071e-01
    outer loop
      vertex -2.8000e+00 2.5000e-01 2.5000e+00
      vertex -2.1450e+00 1.1500e+00 1.0000e+00
      vertex -3.3000e+00 2.5000e-01 1.0000e+00
    endloop
  endfacet
  facet normal -1.5595e-01 9.8722e-01 3.2907e-02
    outer loop
      vertex -1.8200e+00 1.1125e+00 2.5000e+00
      vertex 0.0000e+00 1.4000e+00 2.5000e+00
      vertex 0.0000e+00 1.4500e+00 1.0000e+00
    endloop
  endfacet
  facet normal -1.3830e-01 9.8888e-01 5.4688e-02
    outer loop
      vertex -1.8200e+00 1.1125e+00 2.5000e+00
      vertex 0.0000e+00 1.4500e+00 1.0000e+00
      vertex -2.1450e+00 1.1500e+00 1.0000e+00
    endloop
  endfacet
  facet normal 1.3851e-01 9.9035e-01 -3.7513e-03
    outer loop
      vertex 0.0000e+00 1.4500e+00 1.0000e+00
      vertex 2.1450e+00 1.1500e+00 1.0000e+00
      vertex 2.3725e+00 1.1125e+00 -5.0000e-01
    endloop
  endfacet
  facet normal 1.2023e-01 9.9219e-01 -3.3073e-02
    outer loop
      vertex 0.0000e+00 1.4500e+00 1.0000e+00
      vertex 2.3725e+00 1.1125e+00 -5.0000e-01
      vertex 0.0000e+00 1.4000e+00 -5.0000e-01
    endloop
  endfacet
  facet normal 6.0842e-01 7.8081e-01 1.4197e-01
    outer loop
      vertex 2.1450e+00 1.1500e+00 1.0000e+00
      vertex 3.3000e+00 2.5000e-01 1.0000e+00
      vertex 3.6500e+00 2.5000e-01 -5.0000e-01
    endloop
  endfacet
  facet normal 5.5841e-01 8.2709e-01 6.4015e-02
    outer loop
      vertex 2.1450e+00 1.1500e+00 1.0000e+00
      vertex 3.6500e+00 2.5000e-01 -5.0000e-01
      vertex 2.3725e+00 1.1125e+00 -5.0000e-01
    endloop
  endfacet
  facet normal 6.5593e-01 -7.4824e-01 9.9482e-02
    outer loop
      vertex 3.3000e+00 2.5000e-01 1.0000e+00
      vertex 2.1450e+00 -7.6250e-01 1.0000e+00
      vertex 2.3725e+00 -7.6250e-01 -5.0000e-01
    endloop
  endfacet
  facet normal 6.1471e-01 -7.7560e-01 1.4343e-01
    outer loop
      vertex 3.3000e+00 2.5000e-01 1.0000e+00
      vertex 2.3725e+00 -7.6250e-01 -5.0000e-01
      vertex 3.6500e+00 2.5000e-01 -5.0000e-01
    endloop
  endfacet
  facet normal 1.5543e-01 -9.8785e-01 0.0000e+00
    outer loop
      vertex 2.1450e+00 -7.6250e-01 1.0000e+00
      vertex 0.0000e+00 -1.1000e+00 1.0000e+00
      vertex 0.0000e+00 -1.1000e+00 -5.0000e-01
    endloop
  endfacet
  facet normal 1.4081e-01 -9.8981e-01 2.1355e-02
    outer loop
      vertex 2.1450e+00 -7.6250e-01 1.0000e+00
      vertex 0.0000e+00 -1.1000e+00 -5.0000e-01
      vertex 2.3725e+00 -7.6250e-01 -5.0000e-01
    endloop
  endfacet
  facet normal -1.5539e-01 -9.8757e-01 2.3567e-02
    outer loop
      vertex 0.0000e+00 -1.1000e+00 1.0000e+00
      vertex -2.1450e+00 -7.6250e-01 1.0000e+00
      vertex -2.3725e+00 -7.6250e-01 -5.0000e-01
    endloop
  endfacet
  facet normal -1.4084e-01 -9.9003e-01 -0.0000e+00
    outer loop
      vertex 0.0000e+00 -1.1000e+00 1.0000e+00
      vertex -2.3725e+00 -7.6250e-01 -5.0000e-01
      vertex 0.0000e+00 -1.1000e+00 -5.0000e-01
    endloop
  endfacet
  facet normal -6.5153e-01 -7.4323e-01 1.5202e-01
    outer loop
      vertex -2.1450e+00 -7.6250e-01 1.0000e+00
      vertex -3.3000e+00 2.5000e-01 1.0000e+00
      vertex -3.6500e+00 2.5000e-01 -5.0000e-01
    endloop
  endfacet
  facet normal -6.1840e-01 -7.8025e-01 9.3790e-02
    outer loop
      vertex -2.1450e+00 -7.6250e-01 1.0000e+00
      vertex -3.6500e+00 2.5000e-01 -5.0000e-01
      vertex -2.3725e+00 -7.6250e-01 -5.0000e-01
    endloop
  endfacet
  facet normal -6.1300e-01 7.8668e-01 7.3304e-02
    outer loop
      vertex -3.3000e+00 2.5000e-01 1.0000e+00
      vertex -2.1450e+00 1.1500e+00 1.0000e+00
      vertex -2.3725e+00 1.1125e+00 -5.0000e-01
    endloop
  endfacet
  facet normal -5.5485e-01 8.2182e-01 1.2946e-01
    outer loop
      vertex -3.3000e+00 2.5000e-01 1.0000e+00
      vertex -2.3725e+00 1.1125e+00 -5.0000e-01
      vertex -3.6500e+00 2.5000e-01 -5.0000e-01
    endloop
  endfacet
  facet normal -1.3844e-01 9.8982e-01 -3.2994e-02
    outer loop
      vertex -2.1450e+00 1.1500e+00 1.0000e+00
      vertex 0.0000e+00 1.4500e+00 1.0000e+00
      vertex 0.0000e+00 1.4000e+00 -5.0000e-01
    endloop
  endfacet
  facet normal -1.2030e-01 9.9272e-01 -6.5728e-03
    outer loop
      vertex -2.1450e+00 1.1500e+00 1.0000e+00
      vertex 0.0000e+00 1.4000e+00 -5.0000e-01
      vertex -2.3725e+00 1.1125e+00 -5.0000e-01
    endloop
  endfacet
  facet normal 1.2006e-01 9.9077e-01 -6.2997e-02
    outer loop
      vertex 0.0000e+00 1.4000e+00 -5.0000e-01
      vertex 2.3725e+00 1.1125e+00 -5.0000e-01
      vertex 2.3075e+00 1.0250e+00 -2.0000e+00
    endloop
  endfacet
  facet normal 1.1808e-01 9.9080e-01 -6.6054e-02
    outer loop
      vertex 0.0000e+00 1.4000e+00 -5.0000e-01
      vertex 2.3075e+00 1.0250e+00 -2.0000e+00
      vertex 0.0000e+00 1.3000e+00 -2.0000e+00
    endloop
  endfacet
  facet normal 5.5838e-01 8.2705e-01 -6.4794e-02
    outer loop
      vertex 2.3725e+00 1.1125e+00 -5.0000e-01
      vertex 3.6500e+00 2.5000e-01 -5.0000e-01
      vertex 3.5500e+00 2.0000e-01 -2.0000e+00
    endloop
  endfacet
  facet normal 5.5170e-01 8.3090e-01 -7.2376e-02
    outer loop
      vertex 2.3725e+00 1.1125e+00 -5.0000e-01
      vertex 3.5500e+00 2.0000e-01 -2.0000e+00
      vertex 2.3075e+00 1.0250e+00 -2.0000e+00
    endloop
  endfacet
  facet normal 6.2064e-01 -7.8308e-01 -3.9946e-02
    outer loop
      vertex 3.6500e+00 2.5000e-01 -5.0000e-01
      vertex 2.3725e+00 -7.6250e-01 -5.0000e-01
      vertex 2.3075e+00 -7.3750e-01 -2.0000e+00
    endloop
  endfacet
  facet normal 6.0226e-01 -7.9819e-01 -1.3544e-02
    outer loop
      vertex 3.6500e+00 2.5000e-01 -5.0000e-01
      vertex 2.3075e+00 -7.3750e-01 -2.0000e+00
      vertex 3.5500e+00 2.0000e-01 -2.0000e+00
    endloop
  endfacet
  facet normal 1.4076e-01 -9.8949e-01 -3.2983e-02
    outer loop
      vertex 2.3725e+00 -7.6250e-01 -5.0000e-01
      vertex 0.0000e+00 -1.1000e+00 -5.0000e-01
      vertex 0.0000e+00 -1.0500e+00 -2.0000e+00
    endloop
  endfacet
  facet normal 1.3417e-01 -9.9071e-01 -2.2326e-02
    outer loop
      vertex 2.3725e+00 -7.6250e-01 -5.0000e-01
      vertex 0.0000e+00 -1.0500e+00 -2.0000e+00
      vertex 2.3075e+00 -7.3750e-01 -2.0000e+00
    endloop
  endfacet
  facet normal -1.4080e-01 -9.8978e-01 -2.2598e-02
    outer loop
      vertex 0.0000e+00 -1.1000e+00 -5.0000e-01
      vertex -2.3725e+00 -7.6250e-01 -5.0000e-01
      vertex -2.3075e+00 -7.3750e-01 -2.0000e+00
    endloop
  endfacet
  facet normal -1.3413e-01 -9.9041e-01 -3.3014e-02
    outer loop
      vertex 0.0000e+00 -1.1000e+00 -5.0000e-01
      vertex -2.3075e+00 -7.3750e-01 -2.0000e+00
      vertex 0.0000e+00 -1.0500e+00 -2.0000e+00
    endloop
  endfacet
  facet normal -6.2106e-01 -7.8361e-01 -1.5284e-02
    outer loop
      vertex -2.3725e+00 -7.6250e-01 -5.0000e-01
      vertex -3.6500e+00 2.5000e-01 -5.0000e-01
      vertex -3.5500e+00 2.0000e-01 -2.0000e+00
    endloop
  endfacet
  facet normal -6.0184e-01 -7.9764e-01 -3.9374e-02
    outer loop
      vertex -2.3725e+00 -7.6250e-01 -5.0000e-01
      vertex -3.5500e+00 2.0000e-01 -2.0000e+00
      vertex -2.3075e+00 -7.3750e-01 -2.0000e+00
    endloop
  endfacet
  facet normal -5.5809e-01 8.2662e-01 -7.2403e-02
    outer loop
      vertex -3.6500e+00 2.5000e-01 -5.0000e-01
      vertex -2.3725e+00 1.1125e+00 -5.0000e-01
      vertex -2.3075e+00 1.0250e+00 -2.0000e+00
    endloop
  endfacet
  facet normal -5.5200e-01 8.3135e-01 -6.4511e-02
    outer loop
      vertex -3.6500e+00 2.5000e-01 -5.0000e-01
      vertex -2.3075e+00 1.0250e+00 -2.0000e+00
      vertex -3.5500e+00 2.0000e-01 -2.0000e+00
    endloop
  endfacet
  facet normal -1.2004e-01 9.9057e-01 -6.6038e-02
    outer loop
      vertex -2.3725e+00 1.1125e+00 -5.0000e-01
      vertex 0.0000e+00 1.4000e+00 -5.0000e-01
      vertex 0.0000e+00 1.3000e+00 -2.0000e+00
    endloop
  endfacet
  facet normal -1.1810e-01 9.9101e-01 -6.2927e-02
    outer loop
      vertex -2.3725e+00 1.1125e+00 -5.0000e-01
      vertex 0.0000e+00 1.3000e+00 -2.0000e+00
      vertex -2.3075e+00 1.0250e+00 -2.0000e+00
    endloop
  endfacet
  facet normal 1.1802e-01 9.9032e-01 -7.3111e-02
    outer loop
      vertex 0.0000e+00 1.3000e+00 -2.0000e+00
      vertex 2.3075e+00 1.0250e+00 -2.0000e+00
      vertex 2.1125e+00 9.3750e-01 -3.5000e+00
    endloop
  endfacet
  facet normal 1.2304e-01 9.9020e-01 -6.6014e-02
    outer loop
      vertex 0.0000e+00 1.3000e+00 -2.0000e+00
      vertex 2.1125e+00 9.3750e-01 -3.5000e+00
      vertex 0.0000e+00 1.2000e+00 -3.5000e+00
    endloop
  endfacet
  facet normal 5.4793e-01 8.2521e-01 -1.3709e-01
    outer loop
      vertex 2.3075e+00 1.0250e+00 -2.0000e+00
      vertex 3.5500e+00 2.0000e-01 -2.0000e+00
      vertex 3.2500e+00 1.5000e-01 -3.5000e+00
    endloop
  endfacet
  facet normal 5.6502e-01 8.1614e-01 -1.2106e-01
    outer loop
      vertex 2.3075e+00 1.0250e+00 -2.0000e+00
      vertex 3.2500e+00 1.5000e-01 -3.5000e+00
      vertex 2.1125e+00 9.3750e-01 -3.5000e+00
    endloop
  endfacet
  facet normal 5.9860e-01 -7.9334e-01 -1.1087e-01
    outer loop
      vertex 3.5500e+00 2.0000e-01 -2.0000e+00
      vertex 2.3075e+00 -7.3750e-01 -2.0000e+00
      vertex 2.1125e+00 -6.7500e-01 -3.5000e+00
    endloop
  endfacet
  facet normal 5.8473e-01 -8.0621e-01 -9.0072e-02
    outer loop
      vertex 3.5500e+00 2.0000e-01 -2.0000e+00
      vertex 2.1125e+00 -6.7500e-01 -3.5000e+00
      vertex 3.2500e+00 1.5000e-01 -3.5000e+00
    endloop
  endfacet
  facet normal 1.3391e-01 -9.8880e-01 -6.5920e-02
    outer loop
      vertex 2.3075e+00 -7.3750e-01 -2.0000e+00
      vertex 0.0000e+00 -1.0500e+00 -2.0000e+00
      vertex 0.0000e+00 -9.5000e-01 -3.5000e+00
    endloop
  endfacet
  facet normal 1.2887e-01 -9.8996e-01 -5.8002e-02
    outer loop
      vertex 2.3075e+00 -7.3750e-01 -2.0000e+00
      vertex 0.0000e+00 -9.5000e-01 -3.5000e+00
      vertex 2.1125e+00 -6.7500e-01 -3.5000e+00
    endloop
  endfacet
  facet normal -1.3397e-01 -9.8925e-01 -5.8635e-02
    outer loop
      vertex 0.0000e+00 -1.0500e+00 -2.0000e+00
      vertex -2.3075e+00 -7.3750e-01 -2.0000e+00
      vertex -2.1125e+00 -6.7500e-01 -3.5000e+00
    endloop
  endfacet
  facet normal -1.2881e-01 -9.8947e-01 -6.5965e-02
    outer loop
      vertex 0.0000e+00 -1.0500e+00 -2.0000e+00
      vertex -2.1125e+00 -6.7500e-01 -3.5000e+00
      vertex 0.0000e+00 -9.5000e-01 -3.5000e+00
    endloop
  endfacet
  facet normal -5.9968e-01 -7.9477e-01 -9.3443e-02
    outer loop
      vertex -2.3075e+00 -7.3750e-01 -2.0000e+00
      vertex -3.5500e+00 2.0000e-01 -2.0000e+00
      vertex -3.2500e+00 1.5000e-01 -3.5000e+00
    endloop
  endfacet
  facet normal -5.8359e-01 -8.0465e-01 -1.0939e-01
    outer loop
      vertex -2.3075e+00 -7.3750e-01 -2.0000e+00
      vertex -3.2500e+00 1.5000e-01 -3.5000e+00
      vertex -2.1125e+00 -6.7500e-01 -3.5000e+00
    endloop
  endfacet
  facet normal -5.4918e-01 8.2710e-01 -1.1964e-01
    outer loop
      vertex -3.5500e+00 2.0000e-01 -2.0000e+00
      vertex -2.3075e+00 1.0250e+00 -2.0000e+00
      vertex -2.1125e+00 9.3750e-01 -3.5000e+00
    endloop
  endfacet
  facet normal -5.6362e-01 8.1411e-01 -1.3986e-01
    outer loop
      vertex -3.5500e+00 2.0000e-01 -2.0000e+00
      vertex -2.1125e+00 9.3750e-01 -3.5000e+00
      vertex -3.2500e+00 1.5000e-01 -3.5000e+00
    endloop
  endfacet
  facet normal -1.1808e-01 9.9080e-01 -6.6054e-02
    outer loop
      vertex -2.3075e+00 1.0250e+00 -2.0000e+00
      vertex 0.0000e+00 1.3000e+00 -2.0000e+00
      vertex 0.0000e+00 1.2000e+00 -3.5000e+00
    endloop
  endfacet
  facet normal -1.2298e-01 9.8967e-01 -7.3718e-02
    outer loop
      vertex -2.3075e+00 1.0250e+00 -2.0000e+00
      vertex 0.0000e+00 1.2000e+00 -3.5000e+00
      vertex -2.1125e+00 9.3750e-01 -3.5000e+00
    endloop
  endfacet
  facet normal 1.2173e-01 9.7964e-01 -1.5963e-01
    outer loop
      vertex 0.0000e+00 1.2000e+00 -3.5000e+00
      vertex 2.1125e+00 9.3750e-01 -3.5000e+00
      vertex 1.7550e+00 7.3750e-01 -5.0000e+00
    endloop
  endfacet
  facet normal 1.1859e-01 9.7943e-01 -1.6324e-01
    outer loop
      vertex 0.0000e+00 1.2000e+00 -3.5000e+00
      vertex 1.7550e+00 7.3750e-01 -5.0000e+00
      vertex 0.0000e+00 9.5000e-01 -5.0000e+00
    endloop
  endfacet
  facet normal 5.5398e-01 8.0019e-01 -2.2980e-01
    outer loop
      vertex 2.1125e+00 9.3750e-01 -3.5000e+00
      vertex 3.2500e+00 1.5000e-01 -3.5000e+00
      vertex 2.7000e+00 1.0000e-01 -5.0000e+00
    endloop
  endfacet
  facet normal 5.4333e-01 8.0541e-01 -2.3688e-01
    outer loop
      vertex 2.1125e+00 9.3750e-01 -3.5000e+00
      vertex 2.7000e+00 1.0000e-01 -5.0000e+00
      vertex 1.7550e+00 7.3750e-01 -5.0000e+00
    endloop
  endfacet
  facet normal 5.7846e-01 -7.9757e-01 -1.7110e-01
    outer loop
      vertex 3.2500e+00 1.5000e-01 -3.5000e+00
      vertex 2.1125e+00 -6.7500e-01 -3.5000e+00
      vertex 1.7550e+00 -6.1250e-01 -5.0000e+00
    endloop
  endfacet
  facet normal 5.9099e-01 -7.8384e-01 -1.9057e-01
    outer loop
      vertex 3.2500e+00 1.5000e-01 -3.5000e+00
      vertex 1.7550e+00 -6.1250e-01 -5.0000e+00
      vertex 2.7000e+00 1.0000e-01 -5.0000e+00
    endloop
  endfacet
  facet normal 1.2881e-01 -9.8947e-01 -6.5965e-02
    outer loop
      vertex 2.1125e+00 -6.7500e-01 -3.5000e+00
      vertex 0.0000e+00 -9.5000e-01 -3.5000e+00
      vertex 0.0000e+00 -8.5000e-01 -5.0000e+00
    endloop
  endfacet
  facet normal 1.3375e-01 -9.8832e-01 -7.3056e-02
    outer loop
      vertex 2.1125e+00 -6.7500e-01 -3.5000e+00
      vertex 0.0000e+00 -8.5000e-01 -5.0000e+00
      vertex 1.7550e+00 -6.1250e-01 -5.0000e+00
    endloop
  endfacet
  facet normal -1.2875e-01 -9.8907e-01 -7.1898e-02
    outer loop
      vertex 0.0000e+00 -9.5000e-01 -3.5000e+00
      vertex -2.1125e+00 -6.7500e-01 -3.5000e+00
      vertex -1.7550e+00 -6.1250e-01 -5.0000e+00
    endloop
  endfacet
  facet normal -1.3381e-01 -9.8881e-01 -6.5921e-02
    outer loop
      vertex 0.0000e+00 -9.5000e-01 -3.5000e+00
      vertex -1.7550e+00 -6.1250e-01 -5.0000e+00
      vertex 0.0000e+00 -8.5000e-01 -5.0000e+00
    endloop
  endfacet
  facet normal -5.7697e-01 -7.9553e-01 -1.8504e-01
    outer loop
      vertex -2.1125e+00 -6.7500e-01 -3.5000e+00
      vertex -3.2500e+00 1.5000e-01 -3.5000e+00
      vertex -2.7000e+00 1.0000e-01 -5.0000e+00
    endloop
  endfacet
  facet normal -5.9284e-01 -7.8629e-01 -1.7405e-01
    outer loop
      vertex -2.1125e+00 -6.7500e-01 -3.5000e+00
      vertex -2.7000e+00 1.0000e-01 -5.0000e+00
      vertex -1.7550e+00 -6.1250e-01 -5.0000e+00
    endloop
  endfacet
  facet normal -5.5282e-01 7.9852e-01 -2.3823e-01
    outer loop
      vertex -3.2500e+00 1.5000e-01 -3.5000e+00
      vertex -2.1125e+00 9.3750e-01 -3.5000e+00
      vertex -1.7550e+00 7.3750e-01 -5.0000e+00
    endloop
  endfacet
  facet normal -5.4469e-01 8.0743e-01 -2.2664e-01
    outer loop
      vertex -3.2500e+00 1.5000e-01 -3.5000e+00
      vertex -1.7550e+00 7.3750e-01 -5.0000e+00
      vertex -2.7000e+00 1.0000e-01 -5.0000e+00
    endloop
  endfacet
  facet normal -1.2166e-01 9.7907e-01 -1.6318e-01
    outer loop
      vertex -2.1125e+00 9.3750e-01 -3.5000e+00
      vertex 0.0000e+00 1.2000e+00 -3.5000e+00
      vertex 0.0000e+00 9.5000e-01 -5.0000e+00
    endloop
  endfacet
  facet normal -1.1868e-01 9.8013e-01 -1.5897e-01
    outer loop
      vertex -2.1125e+00 9.3750e-01 -3.5000e+00
      vertex 0.0000e+00 9.5000e-01 -5.0000e+00
      vertex -1.7550e+00 7.3750e-01 -5.0000e+00
    endloop
  endfacet
  facet normal 1.1815e-01 9.7574e-01 -1.8431e-01
    outer loop
      vertex 0.0000e+00 9.5000e-01 -5.0000e+00
      vertex 1.7550e+00 7.3750e-01 -5.0000e+00
      vertex 1.1700e+00 5.2500e-01 -6.5000e+00
    endloop
  endfacet
  facet normal 1.4596e-01 9.7583e-01 -1.6264e-01
    outer loop
      vertex 0.0000e+00 9.5000e-01 -5.0000e+00
      vertex 1.1700e+00 5.2500e-01 -6.5000e+00
      vertex 0.0000e+00 7.0000e-01 -6.5000e+00
    endloop
  endfacet
  facet normal 5.2088e-01 7.7213e-01 -3.6400e-01
    outer loop
      vertex 1.7550e+00 7.3750e-01 -5.0000e+00
      vertex 2.7000e+00 1.0000e-01 -5.0000e+00
      vertex 1.8000e+00 0.0000e+00 -6.5000e+00
    endloop
  endfacet
  facet normal 6.0263e-01 7.2315e-01 -3.3747e-01
    outer loop
      vertex 1.7550e+00 7.3750e-01 -5.0000e+00
      vertex 1.8000e+00 0.0000e+00 -6.5000e+00
      vertex 1.1700e+00 5.2500e-01 -6.5000e+00
    endloop
  endfacet
  facet normal 5.7952e-01 -7.6863e-01 -2.7085e-01
    outer loop
      vertex 2.7000e+00 1.0000e-01 -5.0000e+00
      vertex 1.7550e+00 -6.1250e-01 -5.0000e+00
      vertex 1.1700e+00 -5.2500e-01 -6.5000e+00
    endloop
  endfacet
  facet normal 6.0741e-01 -7.2889e-01 -3.1585e-01
    outer loop
      vertex 2.7000e+00 1.0000e-01 -5.0000e+00
      vertex 1.1700e+00 -5.2500e-01 -6.5000e+00
      vertex 1.8000e+00 0.0000e+00 -6.5000e+00
    endloop
  endfacet
  facet normal 1.3345e-01 -9.8614e-01 -9.8614e-02
    outer loop
      vertex 1.7550e+00 -6.1250e-01 -5.0000e+00
      vertex 0.0000e+00 -8.5000e-01 -5.0000e+00
      vertex 0.0000e+00 -7.0000e-01 -6.5000e+00
    endloop
  endfacet
  facet normal 1.4695e-01 -9.8248e-01 -1.1462e-01
    outer loop
      vertex 1.7550e+00 -6.1250e-01 -5.0000e+00
      vertex 0.0000e+00 -7.0000e-01 -6.5000e+00
      vertex 1.1700e+00 -5.2500e-01 -6.5000e+00
    endloop
  endfacet
  facet normal -1.3330e-01 -9.8501e-01 -1.0945e-01
    outer loop
      vertex 0.0000e+00 -8.5000e-01 -5.0000e+00
      vertex -1.7550e+00 -6.1250e-01 -5.0000e+00
      vertex -1.1700e+00 -5.2500e-01 -6.5000e+00
    endloop
  endfacet
  facet normal -1.4721e-01 -9.8420e-01 -9.8420e-02
    outer loop
      vertex 0.0000e+00 -8.5000e-01 -5.0000e+00
      vertex -1.1700e+00 -5.2500e-01 -6.5000e+00
      vertex 0.0000e+00 -7.0000e-01 -6.5000e+00
    endloop
  endfacet
  facet normal -5.7536e-01 -7.6310e-01 -2.9434e-01
    outer loop
      vertex -1.7550e+00 -6.1250e-01 -5.0000e+00
      vertex -2.7000e+00 1.0000e-01 -5.0000e+00
      vertex -1.8000e+00 0.0000e+00 -6.5000e+00
    endloop
  endfacet
  facet normal -6.1411e-01 -7.3693e-01 -2.8249e-01
    outer loop
      vertex -1.7550e+00 -6.1250e-01 -5.0000e+00
      vertex -1.8000e+00 0.0000e+00 -6.5000e+00
      vertex -1.1700e+00 -5.2500e-01 -6.5000e+00
    endloop
  endfacet
  facet normal -5.3019e-01 7.8594e-01 -3.1812e-01
    outer loop
      vertex -2.7000e+00 1.0000e-01 -5.0000e+00
      vertex -1.7550e+00 7.3750e-01 -5.0000e+00
      vertex -1.1700e+00 5.2500e-01 -6.5000e+00
    endloop
  endfacet
  facet normal -5.8698e-01 7.0437e-01 -3.9914e-01
    outer loop
      vertex -2.7000e+00 1.0000e-01 -5.0000e+00
      vertex -1.1700e+00 5.2500e-01 -6.5000e+00
      vertex -1.8000e+00 0.0000e+00 -6.5000e+00
    endloop
  endfacet
  facet normal -1.1859e-01 9.7943e-01 -1.6324e-01
    outer loop
      vertex -1.7550e+00 7.3750e-01 -5.0000e+00
      vertex 0.0000e+00 9.5000e-01 -5.0000e+00
      vertex 0.0000e+00 7.0000e-01 -6.5000e+00
    endloop
  endfacet
  facet normal -1.4512e-01 9.7020e-01 -1.9404e-01
    outer loop
      vertex -1.7550e+00 7.3750e-01 -5.0000e+00
      vertex 0.0000e+00 7.0000e-01 -6.5000e+00
      vertex -1.1700e+00 5.2500e-01 -6.5000e+00
    endloop
  endfacet
  facet normal -0.0000e+00 -9.8214e-01 -1.8814e-01
    outer loop
      vertex 6.0000e-01 1.3000e+00 4.2000e+00
      vertex 5.7063e-01 1.3000e+00 4.2000e+00
      vertex 8.1549e-01 1.3985e+00 3.6857e+00
    endloop
  endfacet
  facet normal -8.4330e-01 -3.3774e-01 -4.1806e-01
    outer loop
      vertex 6.0000e-01 1.3000e+00 4.2000e+00
      vertex 8.1549e-01 1.3985e+00 3.6857e+00
      vertex 8.5746e-01 1.2937e+00 3.6857e+00
    endloop
  endfacet
  facet normal -0.0000e+00 -9.3621e-01 -3.5143e-01
    outer loop
      vertex 5.7063e-01 1.3000e+00 4.2000e+00
      vertex 4.8541e-01 1.3000e+00 4.2000e+00
      vertex 6.9370e-01 1.4930e+00 3.6857e+00
    endloop
  endfacet
  facet normal -5.6054e-01 -7.2221e-01 -4.0523e-01
    outer loop
      vertex 5.7063e-01 1.3000e+00 4.2000e+00
      vertex 6.9370e-01 1.4930e+00 3.6857e+00
      vertex 8.1549e-01 1.3985e+00 3.6857e+00
    endloop
  endfacet
  facet normal -0.0000e+00 -8.8676e-01 -4.6222e-01
    outer loop
      vertex 4.8541e-01 1.3000e+00 4.2000e+00
      vertex 3.5267e-01 1.3000e+00 4.2000e+00
      vertex 5.0400e-01 1.5681e+00 3.6857e+00
    endloop
  endfacet
  facet normal -3.2919e-01 -8.3241e-01 -4.4579e-01
    outer loop
      vertex 4.8541e-01 1.3000e+00 4.2000e+00
      vertex 5.0400e-01 1.5681e+00 3.6857e+00
      vertex 6.9370e-01 1.4930e+00 3.6857e+00
    endloop
  endfacet
  facet normal -0.0000e+00 -8.5184e-01 -5.2380e-01
    outer loop
      vertex 3.5267e-01 1.3000e+00 4.2000e+00
      vertex 1.8541e-01 1.3000e+00 4.2000e+00
      vertex 2.6497e-01 1.6162e+00 3.6857e+00
    endloop
  endfacet
  facet normal -1.7168e-01 -8.5199e-01 -4.9461e-01
    outer loop
      vertex 3.5267e-01 1.3000e+00 4.2000e+00
      vertex 2.6497e-01 1.6162e+00 3.6857e+00
      vertex 5.0400e-01 1.5681e+00 3.6857e+00
    endloop
  endfacet
  facet normal -0.0000e+00 -8.3953e-01 -5.4332e-01
    outer loop
      vertex 1.8541e-01 1.3000e+00 4.2000e+00
      vertex 3.6739e-17 1.3000e+00 4.2000e+00
      vertex 5.2504e-17 1.6328e+00 3.6857e+00
    endloop
  endfacet
  facet normal -5.3050e-02 -8.4696e-01 -5.2900e-01
    outer loop
      vertex 1.8541e-01 1.3000e+00 4.2000e+00
      vertex 5.2504e-17 1.6328e+00 3.6857e+00
      vertex 2.6497e-01 1.6162e+00 3.6857e+00
    endloop
  endfacet
  facet normal -0.0000e+00 -8.5184e-01 -5.2380e-01
    outer loop
      vertex 3.6739e-17 1.3000e+00 4.2000e+00
      vertex -1.8541e-01 1.3000e+00 4.2000e+00
      vertex -2.6497e-01 1.6162e+00 3.6857e+00
    endloop
  endfacet
  facet normal 5.2512e-02 -8.3837e-01 -5.4257e-01
    outer loop
      vertex 3.6739e-17 1.3000e+00 4.2000e+00
      vertex -2.6497e-01 1.6162e+00 3.6857e+00
      vertex 5.2504e-17 1.6328e+00 3.6857e+00
    endloop
  endfacet
  facet normal -0.0000e+00 -8.8676e-01 -4.6222e-01
    outer loop
      vertex -1.8541e-01 1.3000e+00 4.2000e+00
      vertex -3.5267e-01 1.3000e+00 4.2000e+00
      vertex -5.0400e-01 1.5681e+00 3.6857e+00
    endloop
  endfacet
  facet normal 1.6688e-01 -8.2817e-01 -5.3506e-01
    outer loop
      vertex -1.8541e-01 1.3000e+00 4.2000e+00
      vertex -5.0400e-01 1.5681e+00 3.6857e+00
      vertex -2.6497e-01 1.6162e+00 3.6857e+00
    endloop
  endfacet
  facet normal -0.0000e+00 -9.3621e-01 -3.5143e-01
    outer loop
      vertex -3.5267e-01 1.3000e+00 4.2000e+00
      vertex -4.8541e-01 1.3000e+00 4.2000e+00
      vertex -6.9370e-01 1.4930e+00 3.6857e+00
    endloop
  endfacet
  facet normal 3.1633e-01 -7.9989e-01 -5.1002e-01
    outer loop
      vertex -3.5267e-01 1.3000e+00 4.2000e+00
      vertex -6.9370e-01 1.4930e+00 3.6857e+00
      vertex -5.0400e-01 1.5681e+00 3.6857e+00
    endloop
  endfacet
  facet normal -0.0000e+00 -9.8214e-01 -1.8814e-01
    outer loop
      vertex -4.8541e-01 1.3000e+00 4.2000e+00
      vertex -5.7063e-01 1.3000e+00 4.2000e+00
      vertex -8.1549e-01 1.3985e+00 3.6857e+00
    endloop
  endfacet
  facet normal 5.3841e-01 -6.9369e-01 -4.7845e-01
    outer loop
      vertex -4.8541e-01 1.3000e+00 4.2000e+00
      vertex -8.1549e-01 1.3985e+00 3.6857e+00
      vertex -6.9370e-01 1.4930e+00 3.6857e+00
    endloop
  endfacet
  facet normal 0.0000e+00 -9.9993e-01 1.2187e-02
    outer loop
      vertex -5.7063e-01 1.3000e+00 4.2000e+00
      vertex -6.0000e-01 1.3000e+00 4.2000e+00
      vertex -8.5746e-01 1.2937e+00 3.6857e+00
    endloop
  endfacet
  facet normal 8.2590e-01 -3.3077e-01 -4.5659e-01
    outer loop
      vertex -5.7063e-01 1.3000e+00 4.2000e+00
      vertex -8.5746e-01 1.2937e+00 3.6857e+00
      vertex -8.1549e-01 1.3985e+00 3.6857e+00
    endloop
  endfacet
  facet normal -8.4674e-01 -3.3912e-01 -4.0992e-01
    outer loop
      vertex 8.5746e-01 1.2937e+00 3.6857e+00
      vertex 8.1549e-01 1.3985e+00 3.6857e+00
      vertex 1.0377e+00 1.4653e+00 3.1714e+00
    endloop
  endfacet
  facet normal -8.8515e-01 -2.4874e-01 -3.9324e-01
    outer loop
      vertex 8.5746e-01 1.2937e+00 3.6857e+00
      vertex 1.0377e+00 1.4653e+00 3.1714e+00
      vertex 1.0911e+00 1.2752e+00 3.1714e+00
    endloop
  endfacet
  facet normal -5.5996e-01 -7.2145e-01 -4.0738e-01
    outer loop
      vertex 8.1549e-01 1.3985e+00 3.6857e+00
      vertex 6.9370e-01 1.4930e+00 3.6857e+00
      vertex 8.8275e-01 1.6367e+00 3.1714e+00
    endloop
  endfacet
  facet normal -6.8693e-01 -6.2100e-01 -3.7746e-01
    outer loop
      vertex 8.1549e-01 1.3985e+00 3.6857e+00
      vertex 8.8275e-01 1.6367e+00 3.1714e+00
      vertex 1.0377e+00 1.4653e+00 3.1714e+00
    endloop
  endfacet
  facet normal -3.3304e-01 -8.4213e-01 -4.2415e-01
    outer loop
      vertex 6.9370e-01 1.4930e+00 3.6857e+00
      vertex 5.0400e-01 1.5681e+00 3.6857e+00
      vertex 6.4135e-01 1.7728e+00 3.1714e+00
    endloop
  endfacet
  facet normal -4.5207e-01 -8.0208e-01 -3.9025e-01
    outer loop
      vertex 6.9370e-01 1.4930e+00 3.6857e+00
      vertex 6.4135e-01 1.7728e+00 3.1714e+00
      vertex 8.8275e-01 1.6367e+00 3.1714e+00
    endloop
  endfacet
  facet normal -1.7720e-01 -8.7938e-01 -4.4191e-01
    outer loop
      vertex 5.0400e-01 1.5681e+00 3.6857e+00
      vertex 2.6497e-01 1.6162e+00 3.6857e+00
      vertex 3.3718e-01 1.8601e+00 3.1714e+00
    endloop
  endfacet
  facet normal -2.5112e-01 -8.7442e-01 -4.1512e-01
    outer loop
      vertex 5.0400e-01 1.5681e+00 3.6857e+00
      vertex 3.3718e-01 1.8601e+00 3.1714e+00
      vertex 6.4135e-01 1.7728e+00 3.1714e+00
    endloop
  endfacet
  facet normal -5.5925e-02 -8.9285e-01 -4.4687e-01
    outer loop
      vertex 2.6497e-01 1.6162e+00 3.6857e+00
      vertex 5.2504e-17 1.6328e+00 3.6857e+00
      vertex 6.6813e-17 1.8902e+00 3.1714e+00
    endloop
  endfacet
  facet normal -8.0007e-02 -8.9625e-01 -4.3627e-01
    outer loop
      vertex 2.6497e-01 1.6162e+00 3.6857e+00
      vertex 6.6813e-17 1.8902e+00 3.1714e+00
      vertex 3.3718e-01 1.8601e+00 3.1714e+00
    endloop
  endfacet
  facet normal 5.6311e-02 -8.9903e-01 -4.3426e-01
    outer loop
      vertex 5.2504e-17 1.6328e+00 3.6857e+00
      vertex -2.6497e-01 1.6162e+00 3.6857e+00
      vertex -3.3718e-01 1.8601e+00 3.1714e+00
    endloop
  endfacet
  facet normal 7.9575e-02 -8.9142e-01 -4.4615e-01
    outer loop
      vertex 5.2504e-17 1.6328e+00 3.6857e+00
      vertex -3.3718e-01 1.8601e+00 3.1714e+00
      vertex 6.6813e-17 1.8902e+00 3.1714e+00
    endloop
  endfacet
  facet normal 1.8061e-01 -8.9630e-01 -4.0500e-01
    outer loop
      vertex -2.6497e-01 1.6162e+00 3.6857e+00
      vertex -5.0400e-01 1.5681e+00 3.6857e+00
      vertex -6.4135e-01 1.7728e+00 3.1714e+00
    endloop
  endfacet
  facet normal 2.4742e-01 -8.6154e-01 -4.4331e-01
    outer loop
      vertex -2.6497e-01 1.6162e+00 3.6857e+00
      vertex -6.4135e-01 1.7728e+00 3.1714e+00
      vertex -3.3718e-01 1.8601e+00 3.1714e+00
    endloop
  endfacet
  facet normal 3.4204e-01 -8.6490e-01 -3.6735e-01
    outer loop
      vertex -5.0400e-01 1.5681e+00 3.6857e+00
      vertex -6.9370e-01 1.4930e+00 3.6857e+00
      vertex -8.8275e-01 1.6367e+00 3.1714e+00
    endloop
  endfacet
  facet normal 4.4301e-01 -7.8602e-01 -4.3118e-01
    outer loop
      vertex -5.0400e-01 1.5681e+00 3.6857e+00
      vertex -8.8275e-01 1.6367e+00 3.1714e+00
      vertex -6.4135e-01 1.7728e+00 3.1714e+00
    endloop
  endfacet
  facet normal 5.7551e-01 -7.4149e-01 -3.4495e-01
    outer loop
      vertex -6.9370e-01 1.4930e+00 3.6857e+00
      vertex -8.1549e-01 1.3985e+00 3.6857e+00
      vertex -1.0377e+00 1.4653e+00 3.1714e+00
    endloop
  endfacet
  facet normal 6.7392e-01 -6.0924e-01 -4.1792e-01
    outer loop
      vertex -6.9370e-01 1.4930e+00 3.6857e+00
      vertex -1.0377e+00 1.4653e+00 3.1714e+00
      vertex -8.8275e-01 1.6367e+00 3.1714e+00
    endloop
  endfacet
  facet normal 8.5940e-01 -3.4419e-01 -3.7810e-01
    outer loop
      vertex -8.1549e-01 1.3985e+00 3.6857e+00
      vertex -8.5746e-01 1.2937e+00 3.6857e+00
      vertex -1.0911e+00 1.2752e+00 3.1714e+00
    endloop
  endfacet
  facet normal 8.7754e-01 -2.4660e-01 -4.1122e-01
    outer loop
      vertex -8.1549e-01 1.3985e+00 3.6857e+00
      vertex -1.0911e+00 1.2752e+00 3.1714e+00
      vertex -1.0377e+00 1.4653e+00 3.1714e+00
    endloop
  endfacet
  facet normal -9.3171e-01 -2.6182e-01 -2.5172e-01
    outer loop
      vertex 1.0911e+00 1.2752e+00 3.1714e+00
      vertex 1.0377e+00 1.4653e+00 3.1714e+00
      vertex 1.1710e+00 1.4855e+00 2.6571e+00
    endloop
  endfacet
  facet normal -9.4091e-01 -2.3622e-01 -2.4268e-01
    outer loop
      vertex 1.0911e+00 1.2752e+00 3.1714e+00
      vertex 1.1710e+00 1.4855e+00 2.6571e+00
      vertex 1.2313e+00 1.2455e+00 2.6571e+00
    endloop
  endfacet
  facet normal -7.1988e-01 -6.5079e-01 -2.4133e-01
    outer loop
      vertex 1.0377e+00 1.4653e+00 3.1714e+00
      vertex 8.8275e-01 1.6367e+00 3.1714e+00
      vertex 9.9611e-01 1.7020e+00 2.6571e+00
    endloop
  endfacet
  facet normal -7.5877e-01 -6.1282e-01 -2.2070e-01
    outer loop
      vertex 1.0377e+00 1.4653e+00 3.1714e+00
      vertex 9.9611e-01 1.7020e+00 2.6571e+00
      vertex 1.1710e+00 1.4855e+00 2.6571e+00
    endloop
  endfacet
  facet normal -4.7635e-01 -8.4517e-01 -2.4244e-01
    outer loop
      vertex 8.8275e-01 1.6367e+00 3.1714e+00
      vertex 6.4135e-01 1.7728e+00 3.1714e+00
      vertex 7.2372e-01 1.8739e+00 2.6571e+00
    endloop
  endfacet
  facet normal -5.2055e-01 -8.2513e-01 -2.1953e-01
    outer loop
      vertex 8.8275e-01 1.6367e+00 3.1714e+00
      vertex 7.2372e-01 1.8739e+00 2.6571e+00
      vertex 9.9611e-01 1.7020e+00 2.6571e+00
    endloop
  endfacet
  facet normal -2.6745e-01 -9.3132e-01 -2.4721e-01
    outer loop
      vertex 6.4135e-01 1.7728e+00 3.1714e+00
      vertex 3.3718e-01 1.8601e+00 3.1714e+00
      vertex 3.8048e-01 1.9842e+00 2.6571e+00
    endloop
  endfacet
  facet normal -2.9783e-01 -9.2654e-01 -2.2984e-01
    outer loop
      vertex 6.4135e-01 1.7728e+00 3.1714e+00
      vertex 3.8048e-01 1.9842e+00 2.6571e+00
      vertex 7.2372e-01 1.8739e+00 2.6571e+00
    endloop
  endfacet
  facet normal -8.6145e-02 -9.6500e-01 -2.4768e-01
    outer loop
      vertex 3.3718e-01 1.8601e+00 3.1714e+00
      vertex 6.6813e-17 1.8902e+00 3.1714e+00
      vertex 7.5393e-17 2.0222e+00 2.6571e+00
    endloop
  endfacet
  facet normal -9.6492e-02 -9.6569e-01 -2.4111e-01
    outer loop
      vertex 3.3718e-01 1.8601e+00 3.1714e+00
      vertex 7.5393e-17 2.0222e+00 2.6571e+00
      vertex 3.8048e-01 1.9842e+00 2.6571e+00
    endloop
  endfacet
  facet normal 8.6305e-02 -9.6680e-01 -2.4052e-01
    outer loop
      vertex 6.6813e-17 1.8902e+00 3.1714e+00
      vertex -3.3718e-01 1.8601e+00 3.1714e+00
      vertex -3.8048e-01 1.9842e+00 2.6571e+00
    endloop
  endfacet
  facet normal 9.6333e-02 -9.6410e-01 -2.4745e-01
    outer loop
      vertex 6.6813e-17 1.8902e+00 3.1714e+00
      vertex -3.8048e-01 1.9842e+00 2.6571e+00
      vertex 7.5393e-17 2.0222e+00 2.6571e+00
    endloop
  endfacet
  facet normal 2.6881e-01 -9.3605e-01 -2.2706e-01
    outer loop
      vertex -3.3718e-01 1.8601e+00 3.1714e+00
      vertex -6.4135e-01 1.7728e+00 3.1714e+00
      vertex -7.2372e-01 1.8739e+00 2.6571e+00
    endloop
  endfacet
  facet normal 2.9650e-01 -9.2240e-01 -2.4751e-01
    outer loop
      vertex -3.3718e-01 1.8601e+00 3.1714e+00
      vertex -7.2372e-01 1.8739e+00 2.6571e+00
      vertex -3.8048e-01 1.9842e+00 2.6571e+00
    endloop
  endfacet
  facet normal 4.7965e-01 -8.5102e-01 -2.1380e-01
    outer loop
      vertex -6.4135e-01 1.7728e+00 3.1714e+00
      vertex -8.8275e-01 1.6367e+00 3.1714e+00
      vertex -9.9611e-01 1.7020e+00 2.6571e+00
    endloop
  endfacet
  facet normal 5.1743e-01 -8.2017e-01 -2.4410e-01
    outer loop
      vertex -6.4135e-01 1.7728e+00 3.1714e+00
      vertex -9.9611e-01 1.7020e+00 2.6571e+00
      vertex -7.2372e-01 1.8739e+00 2.6571e+00
    endloop
  endfacet
  facet normal 7.2470e-01 -6.5514e-01 -2.1354e-01
    outer loop
      vertex -8.8275e-01 1.6367e+00 3.1714e+00
      vertex -1.0377e+00 1.4653e+00 3.1714e+00
      vertex -1.1710e+00 1.4855e+00 2.6571e+00
    endloop
  endfacet
  facet normal 7.5450e-01 -6.0938e-01 -2.4370e-01
    outer loop
      vertex -8.8275e-01 1.6367e+00 3.1714e+00
      vertex -1.1710e+00 1.4855e+00 2.6571e+00
      vertex -9.9611e-01 1.7020e+00 2.6571e+00
    endloop
  endfacet
  facet normal 9.3470e-01 -2.6266e-01 -2.3946e-01
    outer loop
      vertex -1.0377e+00 1.4653e+00 3.1714e+00
      vertex -1.0911e+00 1.2752e+00 3.1714e+00
      vertex -1.2313e+00 1.2455e+00 2.6571e+00
    endloop
  endfacet
  facet normal 9.3849e-01 -2.3561e-01 -2.5245e-01
    outer loop
      vertex -1.0377e+00 1.4653e+00 3.1714e+00
      vertex -1.2313e+00 1.2455e+00 2.6571e+00
      vertex -1.1710e+00 1.4855e+00 2.6571e+00
    endloop
  endfacet
  facet normal -9.6978e-01 -2.4347e-01 1.5960e-02
    outer loop
      vertex 1.2313e+00 1.2455e+00 2.6571e+00
      vertex 1.1710e+00 1.4855e+00 2.6571e+00
      vertex 1.1710e+00 1.4518e+00 2.1429e+00
    endloop
  endfacet
  facet normal -9.7110e-01 -2.3798e-01 1.8318e-02
    outer loop
      vertex 1.2313e+00 1.2455e+00 2.6571e+00
      vertex 1.1710e+00 1.4518e+00 2.1429e+00
      vertex 1.2313e+00 1.2059e+00 2.1429e+00
    endloop
  endfacet
  facet normal -7.7749e-01 -6.2794e-01 3.4697e-02
    outer loop
      vertex 1.1710e+00 1.4855e+00 2.6571e+00
      vertex 9.9611e-01 1.7020e+00 2.6571e+00
      vertex 9.9611e-01 1.6736e+00 2.1429e+00
    endloop
  endfacet
  facet normal -7.8466e-01 -6.1860e-01 4.0552e-02
    outer loop
      vertex 1.1710e+00 1.4855e+00 2.6571e+00
      vertex 9.9611e-01 1.6736e+00 2.1429e+00
      vertex 1.1710e+00 1.4518e+00 2.1429e+00
    endloop
  endfacet
  facet normal -5.3314e-01 -8.4509e-01 3.9788e-02
    outer loop
      vertex 9.9611e-01 1.7020e+00 2.6571e+00
      vertex 7.2372e-01 1.8739e+00 2.6571e+00
      vertex 7.2372e-01 1.8497e+00 2.1429e+00
    endloop
  endfacet
  facet normal -5.4222e-01 -8.3896e-01 4.6357e-02
    outer loop
      vertex 9.9611e-01 1.7020e+00 2.6571e+00
      vertex 7.2372e-01 1.8497e+00 2.1429e+00
      vertex 9.9611e-01 1.6736e+00 2.1429e+00
    endloop
  endfacet
  facet normal -3.0578e-01 -9.5127e-01 3.9795e-02
    outer loop
      vertex 7.2372e-01 1.8739e+00 2.6571e+00
      vertex 3.8048e-01 1.9842e+00 2.6571e+00
      vertex 3.8048e-01 1.9627e+00 2.1429e+00
    endloop
  endfacet
  facet normal -3.1247e-01 -9.4888e-01 4.4674e-02
    outer loop
      vertex 7.2372e-01 1.8739e+00 2.6571e+00
      vertex 3.8048e-01 1.9627e+00 2.1429e+00
      vertex 7.2372e-01 1.8497e+00 2.1429e+00
    endloop
  endfacet
  facet normal -9.9346e-02 -9.9426e-01 3.9795e-02
    outer loop
      vertex 3.8048e-01 1.9842e+00 2.6571e+00
      vertex 7.5393e-17 2.0222e+00 2.6571e+00
      vertex 7.5393e-17 2.0016e+00 2.1429e+00
    endloop
  endfacet
  facet normal -1.0174e-01 -9.9394e-01 4.1580e-02
    outer loop
      vertex 3.8048e-01 1.9842e+00 2.6571e+00
      vertex 7.5393e-17 2.0016e+00 2.1429e+00
      vertex 3.8048e-01 1.9627e+00 2.1429e+00
    endloop
  endfacet
  facet normal 9.9339e-02 -9.9418e-01 4.1590e-02
    outer loop
      vertex 7.5393e-17 2.0222e+00 2.6571e+00
      vertex -3.8048e-01 1.9842e+00 2.6571e+00
      vertex -3.8048e-01 1.9627e+00 2.1429e+00
    endloop
  endfacet
  facet normal 1.0175e-01 -9.9401e-01 3.9786e-02
    outer loop
      vertex 7.5393e-17 2.0222e+00 2.6571e+00
      vertex -3.8048e-01 1.9627e+00 2.1429e+00
      vertex 7.5393e-17 2.0016e+00 2.1429e+00
    endloop
  endfacet
  facet normal 3.0572e-01 -9.5107e-01 4.4778e-02
    outer loop
      vertex -3.8048e-01 1.9842e+00 2.6571e+00
      vertex -7.2372e-01 1.8739e+00 2.6571e+00
      vertex -7.2372e-01 1.8497e+00 2.1429e+00
    endloop
  endfacet
  facet normal 3.1254e-01 -9.4908e-01 3.9703e-02
    outer loop
      vertex -3.8048e-01 1.9842e+00 2.6571e+00
      vertex -7.2372e-01 1.8497e+00 2.1429e+00
      vertex -3.8048e-01 1.9627e+00 2.1429e+00
    endloop
  endfacet
  facet normal 5.3298e-01 -8.4484e-01 4.6682e-02
    outer loop
      vertex -7.2372e-01 1.8739e+00 2.6571e+00
      vertex -9.9611e-01 1.7020e+00 2.6571e+00
      vertex -9.9611e-01 1.6736e+00 2.1429e+00
    endloop
  endfacet
  facet normal 5.4238e-01 -8.3920e-01 3.9511e-02
    outer loop
      vertex -7.2372e-01 1.8739e+00 2.6571e+00
      vertex -9.9611e-01 1.6736e+00 2.1429e+00
      vertex -7.2372e-01 1.8497e+00 2.1429e+00
    endloop
  endfacet
  facet normal 7.7730e-01 -6.2779e-01 4.1154e-02
    outer loop
      vertex -9.9611e-01 1.7020e+00 2.6571e+00
      vertex -1.1710e+00 1.4855e+00 2.6571e+00
      vertex -1.1710e+00 1.4518e+00 2.1429e+00
    endloop
  endfacet
  facet normal 7.8485e-01 -6.1875e-01 3.4189e-02
    outer loop
      vertex -9.9611e-01 1.7020e+00 2.6571e+00
      vertex -1.1710e+00 1.4518e+00 2.1429e+00
      vertex -9.9611e-01 1.6736e+00 2.1429e+00
    endloop
  endfacet
  facet normal 9.6973e-01 -2.4346e-01 1.8739e-02
    outer loop
      vertex -1.1710e+00 1.4855e+00 2.6571e+00
      vertex -1.2313e+00 1.2455e+00 2.6571e+00
      vertex -1.2313e+00 1.2059e+00 2.1429e+00
    endloop
  endfacet
  facet normal 9.7114e-01 -2.3799e-01 1.5601e-02
    outer loop
      vertex -1.1710e+00 1.4855e+00 2.6571e+00
      vertex -1.2313e+00 1.2059e+00 2.1429e+00
      vertex -1.1710e+00 1.4518e+00 2.1429e+00
    endloop
  endfacet
  facet normal -9.3246e-01 -2.2851e-01 2.7982e-01
    outer loop
      vertex 1.2313e+00 1.2059e+00 2.1429e+00
      vertex 1.1710e+00 1.4518e+00 2.1429e+00
      vertex 1.0377e+00 1.3658e+00 1.6286e+00
    endloop
  endfacet
  facet normal -9.3086e-01 -2.3973e-01 2.7572e-01
    outer loop
      vertex 1.2313e+00 1.2059e+00 2.1429e+00
      vertex 1.0377e+00 1.3658e+00 1.6286e+00
      vertex 1.0911e+00 1.1585e+00 1.6286e+00
    endloop
  endfacet
  facet normal -7.4828e-01 -5.8992e-01 3.0342e-01
    outer loop
      vertex 1.1710e+00 1.4518e+00 2.1429e+00
      vertex 9.9611e-01 1.6736e+00 2.1429e+00
      vertex 8.8275e-01 1.5529e+00 1.6286e+00
    endloop
  endfacet
  facet normal -7.3631e-01 -6.1004e-01 2.9275e-01
    outer loop
      vertex 1.1710e+00 1.4518e+00 2.1429e+00
      vertex 8.8275e-01 1.5529e+00 1.6286e+00
      vertex 1.0377e+00 1.3658e+00 1.6286e+00
    endloop
  endfacet
  facet normal -5.1560e-01 -7.9776e-01 3.1264e-01
    outer loop
      vertex 9.9611e-01 1.6736e+00 2.1429e+00
      vertex 7.2372e-01 1.8497e+00 2.1429e+00
      vertex 6.4135e-01 1.7013e+00 1.6286e+00
    endloop
  endfacet
  facet normal -4.9959e-01 -8.1236e-01 3.0081e-01
    outer loop
      vertex 9.9611e-01 1.6736e+00 2.1429e+00
      vertex 6.4135e-01 1.7013e+00 1.6286e+00
      vertex 8.8275e-01 1.5529e+00 1.6286e+00
    endloop
  endfacet
  facet normal -2.9677e-01 -9.0118e-01 3.1592e-01
    outer loop
      vertex 7.2372e-01 1.8497e+00 2.1429e+00
      vertex 3.8048e-01 1.9627e+00 2.1429e+00
      vertex 3.3718e-01 1.7967e+00 1.6286e+00
    endloop
  endfacet
  facet normal -2.8453e-01 -9.0803e-01 3.0743e-01
    outer loop
      vertex 7.2372e-01 1.8497e+00 2.1429e+00
      vertex 3.3718e-01 1.7967e+00 1.6286e+00
      vertex 6.4135e-01 1.7013e+00 1.6286e+00
    endloop
  endfacet
  facet normal -9.6617e-02 -9.4386e-01 3.1591e-01
    outer loop
      vertex 3.8048e-01 1.9627e+00 2.1429e+00
      vertex 7.5393e-17 2.0016e+00 2.1429e+00
      vertex 6.6813e-17 1.8295e+00 1.6286e+00
    endloop
  endfacet
  facet normal -9.2077e-02 -9.4530e-01 3.1293e-01
    outer loop
      vertex 3.8048e-01 1.9627e+00 2.1429e+00
      vertex 6.6813e-17 1.8295e+00 1.6286e+00
      vertex 3.3718e-01 1.7967e+00 1.6286e+00
    endloop
  endfacet
  facet normal 9.6711e-02 -9.4477e-01 3.1315e-01
    outer loop
      vertex 7.5393e-17 2.0016e+00 2.1429e+00
      vertex -3.8048e-01 1.9627e+00 2.1429e+00
      vertex -3.3718e-01 1.7967e+00 1.6286e+00
    endloop
  endfacet
  facet normal 9.1977e-02 -9.4427e-01 3.1605e-01
    outer loop
      vertex 7.5393e-17 2.0016e+00 2.1429e+00
      vertex -3.3718e-01 1.7967e+00 1.6286e+00
      vertex 6.6813e-17 1.8295e+00 1.6286e+00
    endloop
  endfacet
  facet normal 2.9756e-01 -9.0358e-01 3.0823e-01
    outer loop
      vertex -3.8048e-01 1.9627e+00 2.1429e+00
      vertex -7.2372e-01 1.8497e+00 2.1429e+00
      vertex -6.4135e-01 1.7013e+00 1.6286e+00
    endloop
  endfacet
  facet normal 2.8368e-01 -9.0530e-01 3.1615e-01
    outer loop
      vertex -3.8048e-01 1.9627e+00 2.1429e+00
      vertex -6.4135e-01 1.7013e+00 1.6286e+00
      vertex -3.3718e-01 1.7967e+00 1.6286e+00
    endloop
  endfacet
  facet normal 5.1746e-01 -8.0064e-01 3.0200e-01
    outer loop
      vertex -7.2372e-01 1.8497e+00 2.1429e+00
      vertex -9.9611e-01 1.6736e+00 2.1429e+00
      vertex -8.8275e-01 1.5529e+00 1.6286e+00
    endloop
  endfacet
  facet normal 4.9753e-01 -8.0901e-01 3.1299e-01
    outer loop
      vertex -7.2372e-01 1.8497e+00 2.1429e+00
      vertex -8.8275e-01 1.5529e+00 1.6286e+00
      vertex -6.4135e-01 1.7013e+00 1.6286e+00
    endloop
  endfacet
  facet normal 7.5073e-01 -5.9185e-01 2.9345e-01
    outer loop
      vertex -9.9611e-01 1.6736e+00 2.1429e+00
      vertex -1.1710e+00 1.4518e+00 2.1429e+00
      vertex -1.0377e+00 1.3658e+00 1.6286e+00
    endloop
  endfacet
  facet normal 7.3352e-01 -6.0773e-01 3.0434e-01
    outer loop
      vertex -9.9611e-01 1.6736e+00 2.1429e+00
      vertex -1.0377e+00 1.3658e+00 1.6286e+00
      vertex -8.8275e-01 1.5529e+00 1.6286e+00
    endloop
  endfacet
  facet normal 9.3368e-01 -2.2881e-01 2.7548e-01
    outer loop
      vertex -1.1710e+00 1.4518e+00 2.1429e+00
      vertex -1.2313e+00 1.2059e+00 2.1429e+00
      vertex -1.0911e+00 1.1585e+00 1.6286e+00
    endloop
  endfacet
  facet normal 9.2943e-01 -2.3936e-01 2.8084e-01
    outer loop
      vertex -1.1710e+00 1.4518e+00 2.1429e+00
      vertex -1.0911e+00 1.1585e+00 1.6286e+00
      vertex -1.0377e+00 1.3658e+00 1.6286e+00
    endloop
  endfacet
  facet normal -8.7293e-01 -2.2481e-01 4.3296e-01
    outer loop
      vertex 1.0911e+00 1.1585e+00 1.6286e+00
      vertex 1.0377e+00 1.3658e+00 1.6286e+00
      vertex 8.1549e-01 1.2383e+00 1.1143e+00
    endloop
  endfacet
  facet normal -8.6482e-01 -2.7353e-01 4.2104e-01
    outer loop
      vertex 1.0911e+00 1.1585e+00 1.6286e+00
      vertex 8.1549e-01 1.2383e+00 1.1143e+00
      vertex 8.5746e-01 1.1056e+00 1.1143e+00
    endloop
  endfacet
  facet normal -6.8185e-01 -5.6492e-01 4.6470e-01
    outer loop
      vertex 1.0377e+00 1.3658e+00 1.6286e+00
      vertex 8.8275e-01 1.5529e+00 1.6286e+00
      vertex 6.9370e-01 1.3580e+00 1.1143e+00
    endloop
  endfacet
  facet normal -6.3199e-01 -6.4304e-01 4.3254e-01
    outer loop
      vertex 1.0377e+00 1.3658e+00 1.6286e+00
      vertex 6.9370e-01 1.3580e+00 1.1143e+00
      vertex 8.1549e-01 1.2383e+00 1.1143e+00
    endloop
  endfacet
  facet normal -4.5877e-01 -7.4598e-01 4.8274e-01
    outer loop
      vertex 8.8275e-01 1.5529e+00 1.6286e+00
      vertex 6.4135e-01 1.7013e+00 1.6286e+00
      vertex 5.0400e-01 1.4530e+00 1.1143e+00
    endloop
  endfacet
  facet normal -3.9994e-01 -7.9866e-01 4.4965e-01
    outer loop
      vertex 8.8275e-01 1.5529e+00 1.6286e+00
      vertex 5.0400e-01 1.4530e+00 1.1143e+00
      vertex 6.9370e-01 1.3580e+00 1.1143e+00
    endloop
  endfacet
  facet normal -2.6017e-01 -8.3029e-01 4.9287e-01
    outer loop
      vertex 6.4135e-01 1.7013e+00 1.6286e+00
      vertex 3.3718e-01 1.7967e+00 1.6286e+00
      vertex 2.6497e-01 1.5140e+00 1.1143e+00
    endloop
  endfacet
  facet normal -2.1809e-01 -8.5475e-01 4.7099e-01
    outer loop
      vertex 6.4135e-01 1.7013e+00 1.6286e+00
      vertex 2.6497e-01 1.5140e+00 1.1143e+00
      vertex 5.0400e-01 1.4530e+00 1.1143e+00
    endloop
  endfacet
  facet normal -8.4227e-02 -8.6472e-01 4.9515e-01
    outer loop
      vertex 3.3718e-01 1.7967e+00 1.6286e+00
      vertex 6.6813e-17 1.8295e+00 1.6286e+00
      vertex 5.2504e-17 1.5350e+00 1.1143e+00
    endloop
  endfacet
  facet normal -6.9014e-02 -8.7015e-01 4.8794e-01
    outer loop
      vertex 3.3718e-01 1.7967e+00 1.6286e+00
      vertex 5.2504e-17 1.5350e+00 1.1143e+00
      vertex 2.6497e-01 1.5140e+00 1.1143e+00
    endloop
  endfacet
  facet normal 8.4563e-02 -8.6816e-01 4.8903e-01
    outer loop
      vertex 6.6813e-17 1.8295e+00 1.6286e+00
      vertex -3.3718e-01 1.7967e+00 1.6286e+00
      vertex -2.6497e-01 1.5140e+00 1.1143e+00
    endloop
  endfacet
  facet normal 6.8666e-02 -8.6575e-01 4.9574e-01
    outer loop
      vertex 6.6813e-17 1.8295e+00 1.6286e+00
      vertex -2.6497e-01 1.5140e+00 1.1143e+00
      vertex 5.2504e-17 1.5350e+00 1.1143e+00
    endloop
  endfacet
  facet normal 2.6304e-01 -8.3942e-01 4.7559e-01
    outer loop
      vertex -3.3718e-01 1.7967e+00 1.6286e+00
      vertex -6.4135e-01 1.7013e+00 1.6286e+00
      vertex -5.0400e-01 1.4530e+00 1.1143e+00
    endloop
  endfacet
  facet normal 2.1504e-01 -8.4280e-01 4.9341e-01
    outer loop
      vertex -3.3718e-01 1.7967e+00 1.6286e+00
      vertex -5.0400e-01 1.4530e+00 1.1143e+00
      vertex -2.6497e-01 1.5140e+00 1.1143e+00
    endloop
  endfacet
  facet normal 4.6566e-01 -7.5718e-01 4.5809e-01
    outer loop
      vertex -6.4135e-01 1.7013e+00 1.6286e+00
      vertex -8.8275e-01 1.5529e+00 1.6286e+00
      vertex -6.9370e-01 1.3580e+00 1.1143e+00
    endloop
  endfacet
  facet normal 3.9211e-01 -7.8302e-01 4.8283e-01
    outer loop
      vertex -6.4135e-01 1.7013e+00 1.6286e+00
      vertex -6.9370e-01 1.3580e+00 1.1143e+00
      vertex -5.0400e-01 1.4530e+00 1.1143e+00
    endloop
  endfacet
  facet normal 6.9124e-01 -5.7270e-01 4.4070e-01
    outer loop
      vertex -8.8275e-01 1.5529e+00 1.6286e+00
      vertex -1.0377e+00 1.3658e+00 1.6286e+00
      vertex -8.1549e-01 1.2383e+00 1.1143e+00
    endloop
  endfacet
  facet normal 6.1987e-01 -6.3072e-01 4.6685e-01
    outer loop
      vertex -8.8275e-01 1.5529e+00 1.6286e+00
      vertex -8.1549e-01 1.2383e+00 1.1143e+00
      vertex -6.9370e-01 1.3580e+00 1.1143e+00
    endloop
  endfacet
  facet normal 8.7790e-01 -2.2609e-01 4.2211e-01
    outer loop
      vertex -1.0377e+00 1.3658e+00 1.6286e+00
      vertex -1.0911e+00 1.1585e+00 1.6286e+00
      vertex -8.5746e-01 1.1056e+00 1.1143e+00
    endloop
  endfacet
  facet normal 8.5728e-01 -2.7114e-01 4.3768e-01
    outer loop
      vertex -1.0377e+00 1.3658e+00 1.6286e+00
      vertex -8.5746e-01 1.1056e+00 1.1143e+00
      vertex -8.1549e-01 1.2383e+00 1.1143e+00
    endloop
  endfacet
  facet normal -8.3802e-01 -2.6505e-01 4.7694e-01
    outer loop
      vertex 8.5746e-01 1.1056e+00 1.1143e+00
      vertex 8.1549e-01 1.2383e+00 1.1143e+00
      vertex 5.7063e-01 1.0871e+00 6.0000e-01
    endloop
  endfacet
  facet normal -7.1231e-01 -5.6410e-01 4.1762e-01
    outer loop
      vertex 8.5746e-01 1.1056e+00 1.1143e+00
      vertex 5.7063e-01 1.0871e+00 6.0000e-01
      vertex 6.0000e-01 1.0500e+00 6.0000e-01
    endloop
  endfacet
  facet normal -5.9754e-01 -6.0799e-01 5.2277e-01
    outer loop
      vertex 8.1549e-01 1.2383e+00 1.1143e+00
      vertex 6.9370e-01 1.3580e+00 1.1143e+00
      vertex 4.8541e-01 1.1205e+00 6.0000e-01
    endloop
  endfacet
  facet normal -3.3349e-01 -8.4960e-01 4.0862e-01
    outer loop
      vertex 8.1549e-01 1.2383e+00 1.1143e+00
      vertex 4.8541e-01 1.1205e+00 6.0000e-01
      vertex 5.7063e-01 1.0871e+00 6.0000e-01
    endloop
  endfacet
  facet normal -3.7308e-01 -7.4501e-01 5.5296e-01
    outer loop
      vertex 6.9370e-01 1.3580e+00 1.1143e+00
      vertex 5.0400e-01 1.4530e+00 1.1143e+00
      vertex 3.5267e-01 1.1471e+00 6.0000e-01
    endloop
  endfacet
  facet normal -1.7312e-01 -8.6561e-01 4.6983e-01
    outer loop
      vertex 6.9370e-01 1.3580e+00 1.1143e+00
      vertex 3.5267e-01 1.1471e+00 6.0000e-01
      vertex 4.8541e-01 1.1205e+00 6.0000e-01
    endloop
  endfacet
  facet normal -2.0278e-01 -7.9475e-01 5.7205e-01
    outer loop
      vertex 5.0400e-01 1.4530e+00 1.1143e+00
      vertex 2.6497e-01 1.5140e+00 1.1143e+00
      vertex 1.8541e-01 1.1641e+00 6.0000e-01
    endloop
  endfacet
  facet normal -8.6100e-02 -8.4491e-01 5.2794e-01
    outer loop
      vertex 5.0400e-01 1.4530e+00 1.1143e+00
      vertex 1.8541e-01 1.1641e+00 6.0000e-01
      vertex 3.5267e-01 1.1471e+00 6.0000e-01
    endloop
  endfacet
  facet normal -6.4543e-02 -8.1378e-01 5.7758e-01
    outer loop
      vertex 2.6497e-01 1.5140e+00 1.1143e+00
      vertex 5.2504e-17 1.5350e+00 1.1143e+00
      vertex 3.6739e-17 1.1700e+00 6.0000e-01
    endloop
  endfacet
  facet normal -2.6122e-02 -8.2464e-01 5.6505e-01
    outer loop
      vertex 2.6497e-01 1.5140e+00 1.1143e+00
      vertex 3.6739e-17 1.1700e+00 6.0000e-01
      vertex 1.8541e-01 1.1641e+00 6.0000e-01
    endloop
  endfacet
  facet normal 6.5064e-02 -8.2034e-01 5.6816e-01
    outer loop
      vertex 5.2504e-17 1.5350e+00 1.1143e+00
      vertex -2.6497e-01 1.5140e+00 1.1143e+00
      vertex -1.8541e-01 1.1641e+00 6.0000e-01
    endloop
  endfacet
  facet normal 2.5823e-02 -8.1520e-01 5.7860e-01
    outer loop
      vertex 5.2504e-17 1.5350e+00 1.1143e+00
      vertex -1.8541e-01 1.1641e+00 6.0000e-01
      vertex 3.6739e-17 1.1700e+00 6.0000e-01
    endloop
  endfacet
  facet normal 2.0737e-01 -8.1273e-01 5.4449e-01
    outer loop
      vertex -2.6497e-01 1.5140e+00 1.1143e+00
      vertex -5.0400e-01 1.4530e+00 1.1143e+00
      vertex -3.5267e-01 1.1471e+00 6.0000e-01
    endloop
  endfacet
  facet normal 8.3347e-02 -8.1789e-01 5.6931e-01
    outer loop
      vertex -2.6497e-01 1.5140e+00 1.1143e+00
      vertex -3.5267e-01 1.1471e+00 6.0000e-01
      vertex -1.8541e-01 1.1641e+00 6.0000e-01
    endloop
  endfacet
  facet normal 3.8493e-01 -7.6867e-01 5.1085e-01
    outer loop
      vertex -5.0400e-01 1.4530e+00 1.1143e+00
      vertex -6.9370e-01 1.3580e+00 1.1143e+00
      vertex -4.8541e-01 1.1205e+00 6.0000e-01
    endloop
  endfacet
  facet normal 1.6511e-01 -8.2553e-01 5.3966e-01
    outer loop
      vertex -5.0400e-01 1.4530e+00 1.1143e+00
      vertex -4.8541e-01 1.1205e+00 6.0000e-01
      vertex -3.5267e-01 1.1471e+00 6.0000e-01
    endloop
  endfacet
  facet normal 6.1587e-01 -6.2665e-01 4.7751e-01
    outer loop
      vertex -6.9370e-01 1.3580e+00 1.1143e+00
      vertex -8.1549e-01 1.2383e+00 1.1143e+00
      vertex -5.7063e-01 1.0871e+00 6.0000e-01
    endloop
  endfacet
  facet normal 3.1636e-01 -8.0598e-01 5.0031e-01
    outer loop
      vertex -6.9370e-01 1.3580e+00 1.1143e+00
      vertex -5.7063e-01 1.0871e+00 6.0000e-01
      vertex -4.8541e-01 1.1205e+00 6.0000e-01
    endloop
  endfacet
  facet normal 8.4939e-01 -2.6865e-01 4.5428e-01
    outer loop
      vertex -8.1549e-01 1.2383e+00 1.1143e+00
      vertex -8.5746e-01 1.1056e+00 1.1143e+00
      vertex -6.0000e-01 1.0500e+00 6.0000e-01
    endloop
  endfacet
  facet normal 6.8522e-01 -5.4264e-01 4.8582e-01
    outer loop
      vertex -8.1549e-01 1.2383e+00 1.1143e+00
      vertex -6.0000e-01 1.0500e+00 6.0000e-01
      vertex -5.7063e-01 1.0871e+00 6.0000e-01
    endloop
  endfacet
  facet normal 0.0000e+00 0.0000e+00 1.0000e+00
    outer loop
      vertex 1.2313e+00 1.2059e+00 2.1429e+00
      vertex 1.1710e+00 1.4518e+00 2.1429e+00
      vertex 1.1476e+00 1.4808e+00 2.1429e+00
    endloop
  endfacet
  facet normal 0.0000e+00 0.0000e+00 1.0000e+00
    outer loop
      vertex 1.2313e+00 1.2059e+00 2.1429e+00
      vertex 1.1476e+00 1.4808e+00 2.1429e+00
      vertex 1.2066e+00 1.2300e+00 2.1429e+00
    endloop
  endfacet
  facet normal 0.0000e+00 0.0000e+00 -1.0000e+00
    outer loop
      vertex 1.1710e+00 1.4518e+00 2.1429e+00
      vertex 9.9611e-01 1.6736e+00 2.1429e+00
      vertex 9.7619e-01 1.7071e+00 2.1429e+00
    endloop
  endfacet
  facet normal 0.0000e+00 0.0000e+00 1.0000e+00
    outer loop
      vertex 1.1710e+00 1.4518e+00 2.1429e+00
      vertex 9.7619e-01 1.7071e+00 2.1429e+00
      vertex 1.1476e+00 1.4808e+00 2.1429e+00
    endloop
  endfacet
  facet normal 0.0000e+00 0.0000e+00 -1.0000e+00
    outer loop
      vertex 9.9611e-01 1.6736e+00 2.1429e+00
      vertex 7.2372e-01 1.8497e+00 2.1429e+00
      vertex 7.0924e-01 1.8867e+00 2.1429e+00
    endloop
  endfacet
  facet normal 0.0000e+00 0.0000e+00 -1.0000e+00
    outer loop
      vertex 9.9611e-01 1.6736e+00 2.1429e+00
      vertex 7.0924e-01 1.8867e+00 2.1429e+00
      vertex 9.7619e-01 1.7071e+00 2.1429e+00
    endloop
  endfacet
  facet normal 0.0000e+00 0.0000e+00 -1.0000e+00
    outer loop
      vertex 7.2372e-01 1.8497e+00 2.1429e+00
      vertex 3.8048e-01 1.9627e+00 2.1429e+00
      vertex 3.7287e-01 2.0019e+00 2.1429e+00
    endloop
  endfacet
  facet normal 0.0000e+00 0.0000e+00 -1.0000e+00
    outer loop
      vertex 7.2372e-01 1.8497e+00 2.1429e+00
      vertex 3.7287e-01 2.0019e+00 2.1429e+00
      vertex 7.0924e-01 1.8867e+00 2.1429e+00
    endloop
  endfacet
  facet normal 0.0000e+00 0.0000e+00 -1.0000e+00
    outer loop
      vertex 3.8048e-01 1.9627e+00 2.1429e+00
      vertex 7.5393e-17 2.0016e+00 2.1429e+00
      vertex 7.3885e-17 2.0417e+00 2.1429e+00
    endloop
  endfacet
  facet normal 0.0000e+00 0.0000e+00 -1.0000e+00
    outer loop
      vertex 3.8048e-01 1.9627e+00 2.1429e+00
      vertex 7.3885e-17 2.0417e+00 2.1429e+00
      vertex 3.7287e-01 2.0019e+00 2.1429e+00
    endloop
  endfacet
  facet normal -0.0000e+00 0.0000e+00 -1.0000e+00
    outer loop
      vertex 7.5393e-17 2.0016e+00 2.1429e+00
      vertex -3.8048e-01 1.9627e+00 2.1429e+00
      vertex -3.7287e-01 2.0019e+00 2.1429e+00
    endloop
  endfacet
  facet normal 0.0000e+00 0.0000e+00 -1.0000e+00
    outer loop
      vertex 7.5393e-17 2.0016e+00 2.1429e+00
      vertex -3.7287e-01 2.0019e+00 2.1429e+00
      vertex 7.3885e-17 2.0417e+00 2.1429e+00
    endloop
  endfacet
  facet normal 0.0000e+00 0.0000e+00 -1.0000e+00
    outer loop
      vertex -3.8048e-01 1.9627e+00 2.1429e+00
      vertex -7.2372e-01 1.8497e+00 2.1429e+00
      vertex -7.0924e-01 1.8867e+00 2.1429e+00
    endloop
  endfacet
  facet normal -0.0000e+00 0.0000e+00 -1.0000e+00
    outer loop
      vertex -3.8048e-01 1.9627e+00 2.1429e+00
      vertex -7.0924e-01 1.8867e+00 2.1429e+00
      vertex -3.7287e-01 2.0019e+00 2.1429e+00
    endloop
  endfacet
  facet normal 0.0000e+00 0.0000e+00 -1.0000e+00
    outer loop
      vertex -7.2372e-01 1.8497e+00 2.1429e+00
      vertex -9.9611e-01 1.6736e+00 2.1429e+00
      vertex -9.7619e-01 1.7071e+00 2.1429e+00
    endloop
  endfacet
  facet normal -0.0000e+00 0.0000e+00 -1.0000e+00
    outer loop
      vertex -7.2372e-01 1.8497e+00 2.1429e+00
      vertex -9.7619e-01 1.7071e+00 2.1429e+00
      vertex -7.0924e-01 1.8867e+00 2.1429e+00
    endloop
  endfacet
  facet normal 0.0000e+00 0.0000e+00 1.0000e+00
    outer loop
      vertex -9.9611e-01 1.6736e+00 2.1429e+00
      vertex -1.1710e+00 1.4518e+00 2.1429e+00
      vertex -1.1476e+00 1.4808e+00 2.1429e+00
    endloop
  endfacet
  facet normal -0.0000e+00 0.0000e+00 -1.0000e+00
    outer loop
      vertex -9.9611e-01 1.6736e+00 2.1429e+00
      vertex -1.1476e+00 1.4808e+00 2.1429e+00
      vertex -9.7619e-01 1.7071e+00 2.1429e+00
    endloop
  endfacet
  facet normal 0.0000e+00 0.0000e+00 1.0000e+00
    outer loop
      vertex -1.1710e+00 1.4518e+00 2.1429e+00
      vertex -1.2313e+00 1.2059e+00 2.1429e+00
      vertex -1.2066e+00 1.2300e+00 2.1429e+00
    endloop
  endfacet
  facet normal -0.0000e+00 0.0000e+00 1.0000e+00
    outer loop
      vertex -1.1710e+00 1.4518e+00 2.1429e+00
      vertex -1.2066e+00 1.2300e+00 2.1429e+00
      vertex -1.1476e+00 1.4808e+00 2.1429e+00
    endloop
  endfacet
  facet normal -1.8490e-02 8.9089e-01 -4.5385e-01
    outer loop
      vertex 1.5000e+00 4.5000e-01 4.0000e-01
      vertex 2.6000e+00 3.2000e-01 1.0000e-01
      vertex 2.0000e+00 -1.0000e-01 -7.0000e-01
    endloop
  endfacet
  facet normal 8.1078e-01 -4.6866e-02 -5.8348e-01
    outer loop
      vertex 2.6000e+00 3.2000e-01 1.0000e-01
      vertex 2.4000e+00 -6.5000e-01 -1.0000e-01
      vertex 2.0000e+00 -1.0000e-01 -7.0000e-01
    endloop
  endfacet
  facet normal -2.4710e-01 -7.9072e-01 -5.6009e-01
    outer loop
      vertex 2.4000e+00 -6.5000e-01 -1.0000e-01
      vertex 1.4000e+00 -5.5000e-01 2.0000e-01
      vertex 2.0000e+00 -1.0000e-01 -7.0000e-01
    endloop
  endfacet
  facet normal -8.5772e-01 1.8194e-01 -4.8084e-01
    outer loop
      vertex 1.4000e+00 -5.5000e-01 2.0000e-01
      vertex 1.5000e+00 4.5000e-01 4.0000e-01
      vertex 2.0000e+00 -1.0000e-01 -7.0000e-01
    endloop
  endfacet
  facet normal -1.0754e-01 -9.9269e-01 -5.4805e-02
    outer loop
      vertex 1.5000e+00 4.5000e-01 4.0000e-01
      vertex 1.8000e+00 5.5000e-01 -2.0000e+00
      vertex 3.0000e+00 4.2000e-01 -2.0000e+00
    endloop
  endfacet
  facet normal -1.3668e-01 -9.8792e-01 -7.3079e-02
    outer loop
      vertex 1.5000e+00 4.5000e-01 4.0000e-01
      vertex 3.0000e+00 4.2000e-01 -2.0000e+00
      vertex 2.6000e+00 3.2000e-01 1.0000e-01
    endloop
  endfacet
  facet normal -9.7016e-01 1.6584e-01 -1.7689e-01
    outer loop
      vertex 2.6000e+00 3.2000e-01 1.0000e-01
      vertex 3.0000e+00 4.2000e-01 -2.0000e+00
      vertex 2.8000e+00 -7.5000e-01 -2.0000e+00
    endloop
  endfacet
  facet normal -9.4755e-01 2.3910e-01 -2.1207e-01
    outer loop
      vertex 2.6000e+00 3.2000e-01 1.0000e-01
      vertex 2.8000e+00 -7.5000e-01 -2.0000e+00
      vertex 2.4000e+00 -6.5000e-01 -1.0000e-01
    endloop
  endfacet
  facet normal 9.0485e-02 9.9534e-01 -3.3337e-02
    outer loop
      vertex 2.4000e+00 -6.5000e-01 -1.0000e-01
      vertex 2.8000e+00 -7.5000e-01 -2.0000e+00
      vertex 1.7000e+00 -6.5000e-01 -2.0000e+00
    endloop
  endfacet
  facet normal 8.9636e-02 9.9543e-01 -3.3024e-02
    outer loop
      vertex 2.4000e+00 -6.5000e-01 -1.0000e-01
      vertex 1.7000e+00 -6.5000e-01 -2.0000e+00
      vertex 1.4000e+00 -5.5000e-01 2.0000e-01
    endloop
  endfacet
  facet normal -1.8490e-02 -8.9089e-01 4.5385e-01
    outer loop
      vertex -1.5000e+00 4.5000e-01 4.0000e-01
      vertex -2.6000e+00 3.2000e-01 1.0000e-01
      vertex -2.0000e+00 -1.0000e-01 -7.0000e-01
    endloop
  endfacet
  facet normal 8.1078e-01 4.6866e-02 5.8348e-01
    outer loop
      vertex -2.6000e+00 3.2000e-01 1.0000e-01
      vertex -2.4000e+00 -6.5000e-01 -1.0000e-01
      vertex -2.0000e+00 -1.0000e-01 -7.0000e-01
    endloop
  endfacet
  facet normal -2.4710e-01 7.9072e-01 5.6009e-01
    outer loop
      vertex -2.4000e+00 -6.5000e-01 -1.0000e-01
      vertex -1.4000e+00 -5.5000e-01 2.0000e-01
      vertex -2.0000e+00 -1.0000e-01 -7.0000e-01
    endloop
  endfacet
  facet normal -8.5772e-01 -1.8194e-01 4.8084e-01
    outer loop
      vertex -1.4000e+00 -5.5000e-01 2.0000e-01
      vertex -1.5000e+00 4.5000e-01 4.0000e-01
      vertex -2.0000e+00 -1.0000e-01 -7.0000e-01
    endloop
  endfacet
  facet normal 1.3668e-01 -9.8792e-01 -7.3079e-02
    outer loop
      vertex -1.5000e+00 4.5000e-01 4.0000e-01
      vertex -2.6000e+00 3.2000e-01 1.0000e-01
      vertex -3.0000e+00 4.2000e-01 -2.0000e+00
    endloop
  endfacet
  facet normal 1.0754e-01 -9.9269e-01 -5.4805e-02
    outer loop
      vertex -1.5000e+00 4.5000e-01 4.0000e-01
      vertex -3.0000e+00 4.2000e-01 -2.0000e+00
      vertex -1.8000e+00 5.5000e-01 -2.0000e+00
    endloop
  endfacet
  facet normal 9.4755e-01 2.3910e-01 -2.1207e-01
    outer loop
      vertex -2.6000e+00 3.2000e-01 1.0000e-01
      vertex -2.4000e+00 -6.5000e-01 -1.0000e-01
      vertex -2.8000e+00 -7.5000e-01 -2.0000e+00
    endloop
  endfacet
  facet normal 9.7016e-01 1.6584e-01 -1.7689e-01
    outer loop
      vertex -2.6000e+00 3.2000e-01 1.0000e-01
      vertex -2.8000e+00 -7.5000e-01 -2.0000e+00
      vertex -3.0000e+00 4.2000e-01 -2.0000e+00
    endloop
  endfacet
  facet normal -8.9636e-02 9.9543e-01 -3.3024e-02
    outer loop
      vertex -2.4000e+00 -6.5000e-01 -1.0000e-01
      vertex -1.4000e+00 -5.5000e-01 2.0000e-01
      vertex -1.7000e+00 -6.5000e-01 -2.0000e+00
    endloop
  endfacet
  facet normal -9.0485e-02 9.9534e-01 -3.3337e-02
    outer loop
      vertex -2.4000e+00 -6.5000e-01 -1.0000e-01
      vertex -1.7000e+00 -6.5000e-01 -2.0000e+00
      vertex -2.8000e+00 -7.5000e-01 -2.0000e+00
    endloop
  endfacet
  facet normal 4.4916e-03 9.9938e-01 -3.4810e-02
    outer loop
      vertex 2.3000e+00 4.9000e-01 9.0000e-01
      vertex 7.2000e+00 3.6000e-01 -2.2000e+00
      vertex 6.7000e+00 3.1000e-01 -3.7000e+00
    endloop
  endfacet
  facet normal 4.6354e-03 9.9939e-01 -3.4673e-02
    outer loop
      vertex 2.3000e+00 4.9000e-01 9.0000e-01
      vertex 6.7000e+00 3.1000e-01 -3.7000e+00
      vertex 2.3000e+00 3.2000e-01 -4.0000e+00
    endloop
  endfacet
  facet normal 3.0502e-02 -9.9943e-01 -1.4278e-02
    outer loop
      vertex 2.3000e+00 1.0000e-02 9.0000e-01
      vertex 2.3000e+00 8.0000e-02 -4.0000e+00
      vertex 6.7000e+00 2.1000e-01 -3.7000e+00
    endloop
  endfacet
  facet normal 7.8598e-03 -9.9932e-01 -3.5931e-02
    outer loop
      vertex 2.3000e+00 1.0000e-02 9.0000e-01
      vertex 6.7000e+00 2.1000e-01 -3.7000e+00
      vertex 7.2000e+00 1.6000e-01 -2.2000e+00
    endloop
  endfacet
  facet normal 5.3464e-01 0.0000e+00 8.4508e-01
    outer loop
      vertex 2.3000e+00 4.9000e-01 9.0000e-01
      vertex 2.3000e+00 1.0000e-02 9.0000e-01
      vertex 7.2000e+00 1.6000e-01 -2.2000e+00
    endloop
  endfacet
  facet normal 5.3464e-01 0.0000e+00 8.4508e-01
    outer loop
      vertex 2.3000e+00 4.9000e-01 9.0000e-01
      vertex 7.2000e+00 1.6000e-01 -2.2000e+00
      vertex 7.2000e+00 3.6000e-01 -2.2000e+00
    endloop
  endfacet
  facet normal 6.8024e-02 0.0000e+00 -9.9768e-01
    outer loop
      vertex 6.7000e+00 3.1000e-01 -3.7000e+00
      vertex 6.7000e+00 2.1000e-01 -3.7000e+00
      vertex 2.3000e+00 8.0000e-02 -4.0000e+00
    endloop
  endfacet
  facet normal 6.8024e-02 0.0000e+00 -9.9768e-01
    outer loop
      vertex 6.7000e+00 3.1000e-01 -3.7000e+00
      vertex 2.3000e+00 8.0000e-02 -4.0000e+00
      vertex 2.3000e+00 3.2000e-01 -4.0000e+00
    endloop
  endfacet
  facet normal 9.4868e-01 0.0000e+00 -3.1623e-01
    outer loop
      vertex 7.2000e+00 3.6000e-01 -2.2000e+00
      vertex 7.2000e+00 1.6000e-01 -2.2000e+00
      vertex 6.7000e+00 2.1000e-01 -3.7000e+00
    endloop
  endfacet
  facet normal 9.4868e-01 0.0000e+00 -3.1623e-01
    outer loop
      vertex 7.2000e+00 3.6000e-01 -2.2000e+00
      vertex 6.7000e+00 2.1000e-01 -3.7000e+00
      vertex 6.7000e+00 3.1000e-01 -3.7000e+00
    endloop
  endfacet
  facet normal -4.6354e-03 9.9939e-01 -3.4673e-02
    outer loop
      vertex -2.3000e+00 4.9000e-01 9.0000e-01
      vertex -2.3000e+00 3.2000e-01 -4.0000e+00
      vertex -6.7000e+00 3.1000e-01 -3.7000e+00
    endloop
  endfacet
  facet normal -4.4916e-03 9.9938e-01 -3.4810e-02
    outer loop
      vertex -2.3000e+00 4.9000e-01 9.0000e-01
      vertex -6.7000e+00 3.1000e-01 -3.7000e+00
      vertex -7.2000e+00 3.6000e-01 -2.2000e+00
    endloop
  endfacet
  facet normal -7.8598e-03 -9.9932e-01 -3.5931e-02
    outer loop
      vertex -2.3000e+00 1.0000e-02 9.0000e-01
      vertex -7.2000e+00 1.6000e-01 -2.2000e+00
      vertex -6.7000e+00 2.1000e-01 -3.7000e+00
    endloop
  endfacet
  facet normal -3.0502e-02 -9.9943e-01 -1.4278e-02
    outer loop
      vertex -2.3000e+00 1.0000e-02 9.0000e-01
      vertex -6.7000e+00 2.1000e-01 -3.7000e+00
      vertex -2.3000e+00 8.0000e-02 -4.0000e+00
    endloop
  endfacet
  facet normal -5.3464e-01 0.0000e+00 8.4508e-01
    outer loop
      vertex -2.3000e+00 4.9000e-01 9.0000e-01
      vertex -7.2000e+00 3.6000e-01 -2.2000e+00
      vertex -7.2000e+00 1.6000e-01 -2.2000e+00
    endloop
  endfacet
  facet normal -5.3464e-01 0.0000e+00 8.4508e-01
    outer loop
      vertex -2.3000e+00 4.9000e-01 9.0000e-01
      vertex -7.2000e+00 1.6000e-01 -2.2000e+00
      vertex -2.3000e+00 1.0000e-02 9.0000e-01
    endloop
  endfacet
  facet normal -6.8024e-02 0.0000e+00 -9.9768e-01
    outer loop
      vertex -6.7000e+00 3.1000e-01 -3.7000e+00
      vertex -2.3000e+00 3.2000e-01 -4.0000e+00
      vertex -2.3000e+00 8.0000e-02 -4.0000e+00
    endloop
  endfacet
  facet normal -6.8024e-02 -0.0000e+00 -9.9768e-01
    outer loop
      vertex -6.7000e+00 3.1000e-01 -3.7000e+00
      vertex -2.3000e+00 8.0000e-02 -4.0000e+00
      vertex -6.7000e+00 2.1000e-01 -3.7000e+00
    endloop
  endfacet
  facet normal -9.4868e-01 0.0000e+00 -3.1623e-01
    outer loop
      vertex -7.2000e+00 3.6000e-01 -2.2000e+00
      vertex -6.7000e+00 3.1000e-01 -3.7000e+00
      vertex -6.7000e+00 2.1000e-01 -3.7000e+00
    endloop
  endfacet
  facet normal -9.4868e-01 -0.0000e+00 -3.1623e-01
    outer loop
      vertex -7.2000e+00 3.6000e-01 -2.2000e+00
      vertex -6.7000e+00 2.1000e-01 -3.7000e+00
      vertex -7.2000e+00 1.6000e-01 -2.2000e+00
    endloop
  endfacet
  facet normal -9.5264e-01 3.0386e-01 -1.2154e-02
    outer loop
      vertex 1.4725e+00 7.3661e-01 -3.5000e+00
      vertex 2.2171e+00 3.0190e+00 -4.8000e+00
      vertex 2.2171e+00 2.9590e+00 -6.3000e+00
    endloop
  endfacet
  facet normal -9.5106e-01 3.0891e-01 -7.7228e-03
    outer loop
      vertex 1.4725e+00 7.3661e-01 -3.5000e+00
      vertex 2.2171e+00 2.9590e+00 -6.3000e+00
      vertex 1.4725e+00 6.7661e-01 -5.9000e+00
    endloop
  endfacet
  facet normal 9.3450e-01 -3.5586e-01 8.8966e-03
    outer loop
      vertex 1.2275e+00 8.2339e-01 -3.5000e+00
      vertex 1.2275e+00 7.6339e-01 -5.9000e+00
      vertex 2.0852e+00 3.0057e+00 -6.3000e+00
    endloop
  endfacet
  facet normal 9.3660e-01 -3.5013e-01 1.4005e-02
    outer loop
      vertex 1.2275e+00 8.2339e-01 -3.5000e+00
      vertex 2.0852e+00 3.0057e+00 -6.3000e+00
      vertex 2.0852e+00 3.0657e+00 -4.8000e+00
    endloop
  endfacet
  facet normal -1.5899e-01 -4.4896e-01 -8.7929e-01
    outer loop
      vertex 1.2275e+00 8.2339e-01 -3.5000e+00
      vertex 2.0852e+00 3.0657e+00 -4.8000e+00
      vertex 2.2171e+00 3.0190e+00 -4.8000e+00
    endloop
  endfacet
  facet normal -1.5899e-01 -4.4896e-01 -8.7929e-01
    outer loop
      vertex 1.2275e+00 8.2339e-01 -3.5000e+00
      vertex 2.2171e+00 3.0190e+00 -4.8000e+00
      vertex 1.4725e+00 7.3661e-01 -3.5000e+00
    endloop
  endfacet
  facet normal 5.4878e-02 1.5497e-01 9.8639e-01
    outer loop
      vertex 1.4725e+00 6.7661e-01 -5.9000e+00
      vertex 2.2171e+00 2.9590e+00 -6.3000e+00
      vertex 2.0852e+00 3.0057e+00 -6.3000e+00
    endloop
  endfacet
  facet normal 5.4878e-02 1.5497e-01 9.8639e-01
    outer loop
      vertex 1.4725e+00 6.7661e-01 -5.9000e+00
      vertex 2.0852e+00 3.0057e+00 -6.3000e+00
      vertex 1.2275e+00 7.6339e-01 -5.9000e+00
    endloop
  endfacet
  facet normal -3.3357e-01 -9.4197e-01 3.7679e-02
    outer loop
      vertex 2.0852e+00 3.0657e+00 -4.8000e+00
      vertex 2.0852e+00 3.0057e+00 -6.3000e+00
      vertex 2.2171e+00 2.9590e+00 -6.3000e+00
    endloop
  endfacet
  facet normal -3.3357e-01 -9.4197e-01 3.7679e-02
    outer loop
      vertex 2.0852e+00 3.0657e+00 -4.8000e+00
      vertex 2.2171e+00 2.9590e+00 -6.3000e+00
      vertex 2.2171e+00 3.0190e+00 -4.8000e+00
    endloop
  endfacet
  facet normal 9.3450e-01 3.5586e-01 -8.8966e-03
    outer loop
      vertex -1.2275e+00 8.2339e-01 -3.5000e+00
      vertex -1.2275e+00 7.6339e-01 -5.9000e+00
      vertex -2.0852e+00 3.0057e+00 -6.3000e+00
    endloop
  endfacet
  facet normal 9.3660e-01 3.5013e-01 -1.4005e-02
    outer loop
      vertex -1.2275e+00 8.2339e-01 -3.5000e+00
      vertex -2.0852e+00 3.0057e+00 -6.3000e+00
      vertex -2.0852e+00 3.0657e+00 -4.8000e+00
    endloop
  endfacet
  facet normal -9.5264e-01 -3.0386e-01 1.2154e-02
    outer loop
      vertex -1.4725e+00 7.3661e-01 -3.5000e+00
      vertex -2.2171e+00 3.0190e+00 -4.8000e+00
      vertex -2.2171e+00 2.9590e+00 -6.3000e+00
    endloop
  endfacet
  facet normal -9.5106e-01 -3.0891e-01 7.7228e-03
    outer loop
      vertex -1.4725e+00 7.3661e-01 -3.5000e+00
      vertex -2.2171e+00 2.9590e+00 -6.3000e+00
      vertex -1.4725e+00 6.7661e-01 -5.9000e+00
    endloop
  endfacet
  facet normal -1.5899e-01 4.4896e-01 8.7929e-01
    outer loop
      vertex -1.4725e+00 7.3661e-01 -3.5000e+00
      vertex -1.2275e+00 8.2339e-01 -3.5000e+00
      vertex -2.0852e+00 3.0657e+00 -4.8000e+00
    endloop
  endfacet
  facet normal -1.5899e-01 4.4896e-01 8.7929e-01
    outer loop
      vertex -1.4725e+00 7.3661e-01 -3.5000e+00
      vertex -2.0852e+00 3.0657e+00 -4.8000e+00
      vertex -2.2171e+00 3.0190e+00 -4.8000e+00
    endloop
  endfacet
  facet normal 5.4878e-02 -1.5497e-01 -9.8639e-01
    outer loop
      vertex -1.2275e+00 7.6339e-01 -5.9000e+00
      vertex -1.4725e+00 6.7661e-01 -5.9000e+00
      vertex -2.2171e+00 2.9590e+00 -6.3000e+00
    endloop
  endfacet
  facet normal 5.4878e-02 -1.5497e-01 -9.8639e-01
    outer loop
      vertex -1.2275e+00 7.6339e-01 -5.9000e+00
      vertex -2.2171e+00 2.9590e+00 -6.3000e+00
      vertex -2.0852e+00 3.0057e+00 -6.3000e+00
    endloop
  endfacet
  facet normal -3.3357e-01 9.4197e-01 -3.7679e-02
    outer loop
      vertex -2.2171e+00 3.0190e+00 -4.8000e+00
      vertex -2.0852e+00 3.0657e+00 -4.8000e+00
      vertex -2.0852e+00 3.0057e+00 -6.3000e+00
    endloop
  endfacet
  facet normal -3.3357e-01 9.4197e-01 -3.7679e-02
    outer loop
      vertex -2.2171e+00 3.0190e+00 -4.8000e+00
      vertex -2.0852e+00 3.0057e+00 -6.3000e+00
      vertex -2.2171e+00 2.9590e+00 -6.3000e+00
    endloop
  endfacet
  facet normal 4.4730e-03 9.9984e-01 -1.7103e-02
    outer loop
      vertex 1.5000e+00 3.2000e-01 -4.7000e+00
      vertex 4.0000e+00 2.9000e-01 -5.8000e+00
      vertex 3.5000e+00 2.7000e-01 -7.1000e+00
    endloop
  endfacet
  facet normal -3.3774e-03 9.9971e-01 -2.3642e-02
    outer loop
      vertex 1.5000e+00 3.2000e-01 -4.7000e+00
      vertex 3.5000e+00 2.7000e-01 -7.1000e+00
      vertex 1.4000e+00 2.7000e-01 -6.8000e+00
    endloop
  endfacet
  facet normal -3.3774e-03 -9.9971e-01 -2.3642e-02
    outer loop
      vertex 1.5000e+00 1.2000e-01 -4.7000e+00
      vertex 1.4000e+00 1.7000e-01 -6.8000e+00
      vertex 3.5000e+00 1.7000e-01 -7.1000e+00
    endloop
  endfacet
  facet normal 4.4730e-03 -9.9984e-01 -1.7103e-02
    outer loop
      vertex 1.5000e+00 1.2000e-01 -4.7000e+00
      vertex 3.5000e+00 1.7000e-01 -7.1000e+00
      vertex 4.0000e+00 1.5000e-01 -5.8000e+00
    endloop
  endfacet
  facet normal 4.0274e-01 0.0000e+00 9.1532e-01
    outer loop
      vertex 1.5000e+00 3.2000e-01 -4.7000e+00
      vertex 1.5000e+00 1.2000e-01 -4.7000e+00
      vertex 4.0000e+00 1.5000e-01 -5.8000e+00
    endloop
  endfacet
  facet normal 4.0274e-01 0.0000e+00 9.1532e-01
    outer loop
      vertex 1.5000e+00 3.2000e-01 -4.7000e+00
      vertex 4.0000e+00 1.5000e-01 -5.8000e+00
      vertex 4.0000e+00 2.9000e-01 -5.8000e+00
    endloop
  endfacet
  facet normal -1.4142e-01 -0.0000e+00 -9.8995e-01
    outer loop
      vertex 3.5000e+00 2.7000e-01 -7.1000e+00
      vertex 3.5000e+00 1.7000e-01 -7.1000e+00
      vertex 1.4000e+00 1.7000e-01 -6.8000e+00
    endloop
  endfacet
  facet normal -1.4142e-01 0.0000e+00 -9.8995e-01
    outer loop
      vertex 3.5000e+00 2.7000e-01 -7.1000e+00
      vertex 1.4000e+00 1.7000e-01 -6.8000e+00
      vertex 1.4000e+00 2.7000e-01 -6.8000e+00
    endloop
  endfacet
  facet normal 9.3335e-01 0.0000e+00 -3.5898e-01
    outer loop
      vertex 4.0000e+00 2.9000e-01 -5.8000e+00
      vertex 4.0000e+00 1.5000e-01 -5.8000e+00
      vertex 3.5000e+00 1.7000e-01 -7.1000e+00
    endloop
  endfacet
  facet normal 3.3774e-03 9.9971e-01 -2.3642e-02
    outer loop
      vertex -1.5000e+00 3.2000e-01 -4.7000e+00
      vertex -1.4000e+00 2.7000e-01 -6.8000e+00
      vertex -3.5000e+00 2.7000e-01 -7.1000e+00
    endloop
  endfacet
  facet normal -4.4730e-03 9.9984e-01 -1.7103e-02
    outer loop
      vertex -1.5000e+00 3.2000e-01 -4.7000e+00
      vertex -3.5000e+00 2.7000e-01 -7.1000e+00
      vertex -4.0000e+00 2.9000e-01 -5.8000e+00
    endloop
  endfacet
  facet normal -4.4730e-03 -9.9984e-01 -1.7103e-02
    outer loop
      vertex -1.5000e+00 1.2000e-01 -4.7000e+00
      vertex -4.0000e+00 1.5000e-01 -5.8000e+00
      vertex -3.5000e+00 1.7000e-01 -7.1000e+00
    endloop
  endfacet
  facet normal 3.3774e-03 -9.9971e-01 -2.3642e-02
    outer loop
      vertex -1.5000e+00 1.2000e-01 -4.7000e+00
      vertex -3.5000e+00 1.7000e-01 -7.1000e+00
      vertex -1.4000e+00 1.7000e-01 -6.8000e+00
    endloop
  endfacet
  facet normal -4.0274e-01 0.0000e+00 9.1532e-01
    outer loop
      vertex -1.5000e+00 3.2000e-01 -4.7000e+00
      vertex -4.0000e+00 2.9000e-01 -5.8000e+00
      vertex -4.0000e+00 1.5000e-01 -5.8000e+00
    endloop
  endfacet
  facet normal -4.0274e-01 0.0000e+00 9.1532e-01
    outer loop
      vertex -1.5000e+00 3.2000e-01 -4.7000e+00
      vertex -4.0000e+00 1.5000e-01 -5.8000e+00
      vertex -1.5000e+00 1.2000e-01 -4.7000e+00
    endloop
  endfacet
  facet normal 1.4142e-01 0.0000e+00 -9.8995e-01
    outer loop
      vertex -3.5000e+00 2.7000e-01 -7.1000e+00
      vertex -1.4000e+00 2.7000e-01 -6.8000e+00
      vertex -1.4000e+00 1.7000e-01 -6.8000e+00
    endloop
  endfacet
  facet normal 1.4142e-01 0.0000e+00 -9.8995e-01
    outer loop
      vertex -3.5000e+00 2.7000e-01 -7.1000e+00
      vertex -1.4000e+00 1.7000e-01 -6.8000e+00
      vertex -3.5000e+00 1.7000e-01 -7.1000e+00
    endloop
  endfacet
  facet normal -9.3335e-01 0.0000e+00 -3.5898e-01
    outer loop
      vertex -4.0000e+00 2.9000e-01 -5.8000e+00
      vertex -3.5000e+00 2.7000e-01 -7.1000e+00
      vertex -3.5000e+00 1.7000e-01 -7.1000e+00
    endloop
  endfacet
  facet normal -9.3335e-01 -0.0000e+00 -3.5898e-01
    outer loop
      vertex -4.0000e+00 2.9000e-01 -5.8000e+00
      vertex -3.5000e+00 1.7000e-01 -7.1000e+00
      vertex -4.0000e+00 1.5000e-01 -5.8000e+00
    endloop
  endfacet
  facet normal 9.7460e-01 1.7185e-01 -1.4362e-01
    outer loop
      vertex 8.2000e-01 5.0000e-02 -6.5000e+00
      vertex 6.8000e-01 5.0000e-02 -7.4500e+00
      vertex 6.3899e-01 2.8257e-01 -7.4500e+00
    endloop
  endfacet
  facet normal 9.7460e-01 1.7185e-01 -1.4362e-01
    outer loop
      vertex 8.2000e-01 5.0000e-02 -6.5000e+00
      vertex 6.3899e-01 2.8257e-01 -7.4500e+00
      vertex 7.7055e-01 3.3046e-01 -6.5000e+00
    endloop
  endfacet
  facet normal -8.2678e-01 -1.4578e-01 -5.4331e-01
    outer loop
      vertex 6.8000e-01 5.0000e-02 -7.4500e+00
      vertex 4.5000e-01 5.0000e-02 -7.1000e+00
      vertex 4.2286e-01 2.0391e-01 -7.1000e+00
    endloop
  endfacet
  facet normal -8.2678e-01 -1.4578e-01 -5.4331e-01
    outer loop
      vertex 6.8000e-01 5.0000e-02 -7.4500e+00
      vertex 4.2286e-01 2.0391e-01 -7.1000e+00
      vertex 6.3899e-01 2.8257e-01 -7.4500e+00
    endloop
  endfacet
  facet normal 8.5705e-01 4.9482e-01 -1.4362e-01
    outer loop
      vertex 7.7055e-01 3.3046e-01 -6.5000e+00
      vertex 6.3899e-01 2.8257e-01 -7.4500e+00
      vertex 5.2091e-01 4.8710e-01 -7.4500e+00
    endloop
  endfacet
  facet normal 8.5705e-01 4.9482e-01 -1.4362e-01
    outer loop
      vertex 7.7055e-01 3.3046e-01 -6.5000e+00
      vertex 5.2091e-01 4.8710e-01 -7.4500e+00
      vertex 6.2816e-01 5.7709e-01 -6.5000e+00
    endloop
  endfacet
  facet normal -7.2706e-01 -4.1977e-01 -5.4331e-01
    outer loop
      vertex 6.3899e-01 2.8257e-01 -7.4500e+00
      vertex 4.2286e-01 2.0391e-01 -7.1000e+00
      vertex 3.4472e-01 3.3925e-01 -7.1000e+00
    endloop
  endfacet
  facet normal -7.2706e-01 -4.1977e-01 -5.4331e-01
    outer loop
      vertex 6.3899e-01 2.8257e-01 -7.4500e+00
      vertex 3.4472e-01 3.3925e-01 -7.1000e+00
      vertex 5.2091e-01 4.8710e-01 -7.4500e+00
    endloop
  endfacet
  facet normal 6.3612e-01 7.5810e-01 -1.4362e-01
    outer loop
      vertex 6.2816e-01 5.7709e-01 -6.5000e+00
      vertex 5.2091e-01 4.8710e-01 -7.4500e+00
      vertex 3.4000e-01 6.3890e-01 -7.4500e+00
    endloop
  endfacet
  facet normal 6.3612e-01 7.5810e-01 -1.4362e-01
    outer loop
      vertex 6.2816e-01 5.7709e-01 -6.5000e+00
      vertex 3.4000e-01 6.3890e-01 -7.4500e+00
      vertex 4.1000e-01 7.6014e-01 -6.5000e+00
    endloop
  endfacet
  facet normal -5.3964e-01 -6.4312e-01 -5.4331e-01
    outer loop
      vertex 5.2091e-01 4.8710e-01 -7.4500e+00
      vertex 3.4472e-01 3.3925e-01 -7.1000e+00
      vertex 2.2500e-01 4.3971e-01 -7.1000e+00
    endloop
  endfacet
  facet normal -5.3964e-01 -6.4312e-01 -5.4331e-01
    outer loop
      vertex 5.2091e-01 4.8710e-01 -7.4500e+00
      vertex 2.2500e-01 4.3971e-01 -7.1000e+00
      vertex 3.4000e-01 6.3890e-01 -7.4500e+00
    endloop
  endfacet
  facet normal 3.3847e-01 9.2995e-01 -1.4362e-01
    outer loop
      vertex 4.1000e-01 7.6014e-01 -6.5000e+00
      vertex 3.4000e-01 6.3890e-01 -7.4500e+00
      vertex 1.1808e-01 7.1967e-01 -7.4500e+00
    endloop
  endfacet
  facet normal 3.3847e-01 9.2995e-01 -1.4362e-01
    outer loop
      vertex 4.1000e-01 7.6014e-01 -6.5000e+00
      vertex 1.1808e-01 7.1967e-01 -7.4500e+00
      vertex 1.4239e-01 8.5754e-01 -6.5000e+00
    endloop
  endfacet
  facet normal -2.8714e-01 -7.8890e-01 -5.4331e-01
    outer loop
      vertex 3.4000e-01 6.3890e-01 -7.4500e+00
      vertex 2.2500e-01 4.3971e-01 -7.1000e+00
      vertex 7.8142e-02 4.9316e-01 -7.1000e+00
    endloop
  endfacet
  facet normal -2.8714e-01 -7.8890e-01 -5.4331e-01
    outer loop
      vertex 3.4000e-01 6.3890e-01 -7.4500e+00
      vertex 7.8142e-02 4.9316e-01 -7.1000e+00
      vertex 1.1808e-01 7.1967e-01 -7.4500e+00
    endloop
  endfacet
  facet normal 0.0000e+00 9.8963e-01 -1.4362e-01
    outer loop
      vertex 1.4239e-01 8.5754e-01 -6.5000e+00
      vertex 1.1808e-01 7.1967e-01 -7.4500e+00
      vertex -1.1808e-01 7.1967e-01 -7.4500e+00
    endloop
  endfacet
  facet normal 0.0000e+00 9.8963e-01 -1.4362e-01
    outer loop
      vertex 1.4239e-01 8.5754e-01 -6.5000e+00
      vertex -1.1808e-01 7.1967e-01 -7.4500e+00
      vertex -1.4239e-01 8.5754e-01 -6.5000e+00
    endloop
  endfacet
  facet normal 0.0000e+00 -8.3953e-01 -5.4331e-01
    outer loop
      vertex 1.1808e-01 7.1967e-01 -7.4500e+00
      vertex 7.8142e-02 4.9316e-01 -7.1000e+00
      vertex -7.8142e-02 4.9316e-01 -7.1000e+00
    endloop
  endfacet
  facet normal -0.0000e+00 -8.3953e-01 -5.4331e-01
    outer loop
      vertex 1.1808e-01 7.1967e-01 -7.4500e+00
      vertex -7.8142e-02 4.9316e-01 -7.1000e+00
      vertex -1.1808e-01 7.1967e-01 -7.4500e+00
    endloop
  endfacet
  facet normal -3.3847e-01 9.2995e-01 -1.4362e-01
    outer loop
      vertex -1.4239e-01 8.5754e-01 -6.5000e+00
      vertex -1.1808e-01 7.1967e-01 -7.4500e+00
      vertex -3.4000e-01 6.3890e-01 -7.4500e+00
    endloop
  endfacet
  facet normal -3.3847e-01 9.2995e-01 -1.4362e-01
    outer loop
      vertex -1.4239e-01 8.5754e-01 -6.5000e+00
      vertex -3.4000e-01 6.3890e-01 -7.4500e+00
      vertex -4.1000e-01 7.6014e-01 -6.5000e+00
    endloop
  endfacet
  facet normal 2.8714e-01 -7.8890e-01 -5.4331e-01
    outer loop
      vertex -1.1808e-01 7.1967e-01 -7.4500e+00
      vertex -7.8142e-02 4.9316e-01 -7.1000e+00
      vertex -2.2500e-01 4.3971e-01 -7.1000e+00
    endloop
  endfacet
  facet normal 2.8714e-01 -7.8890e-01 -5.4331e-01
    outer loop
      vertex -1.1808e-01 7.1967e-01 -7.4500e+00
      vertex -2.2500e-01 4.3971e-01 -7.1000e+00
      vertex -3.4000e-01 6.3890e-01 -7.4500e+00
    endloop
  endfacet
  facet normal -6.3612e-01 7.5810e-01 -1.4362e-01
    outer loop
      vertex -4.1000e-01 7.6014e-01 -6.5000e+00
      vertex -3.4000e-01 6.3890e-01 -7.4500e+00
      vertex -5.2091e-01 4.8710e-01 -7.4500e+00
    endloop
  endfacet
  facet normal -6.3612e-01 7.5810e-01 -1.4362e-01
    outer loop
      vertex -4.1000e-01 7.6014e-01 -6.5000e+00
      vertex -5.2091e-01 4.8710e-01 -7.4500e+00
      vertex -6.2816e-01 5.7709e-01 -6.5000e+00
    endloop
  endfacet
  facet normal 5.3964e-01 -6.4312e-01 -5.4331e-01
    outer loop
      vertex -3.4000e-01 6.3890e-01 -7.4500e+00
      vertex -2.2500e-01 4.3971e-01 -7.1000e+00
      vertex -3.4472e-01 3.3925e-01 -7.1000e+00
    endloop
  endfacet
  facet normal 5.3964e-01 -6.4312e-01 -5.4331e-01
    outer loop
      vertex -3.4000e-01 6.3890e-01 -7.4500e+00
      vertex -3.4472e-01 3.3925e-01 -7.1000e+00
      vertex -5.2091e-01 4.8710e-01 -7.4500e+00
    endloop
  endfacet
  facet normal -8.5705e-01 4.9482e-01 -1.4362e-01
    outer loop
      vertex -6.2816e-01 5.7709e-01 -6.5000e+00
      vertex -5.2091e-01 4.8710e-01 -7.4500e+00
      vertex -6.3899e-01 2.8257e-01 -7.4500e+00
    endloop
  endfacet
  facet normal -8.5705e-01 4.9482e-01 -1.4362e-01
    outer loop
      vertex -6.2816e-01 5.7709e-01 -6.5000e+00
      vertex -6.3899e-01 2.8257e-01 -7.4500e+00
      vertex -7.7055e-01 3.3046e-01 -6.5000e+00
    endloop
  endfacet
  facet normal 7.2706e-01 -4.1977e-01 -5.4331e-01
    outer loop
      vertex -5.2091e-01 4.8710e-01 -7.4500e+00
      vertex -3.4472e-01 3.3925e-01 -7.1000e+00
      vertex -4.2286e-01 2.0391e-01 -7.1000e+00
    endloop
  endfacet
  facet normal 7.2706e-01 -4.1977e-01 -5.4331e-01
    outer loop
      vertex -5.2091e-01 4.8710e-01 -7.4500e+00
      vertex -4.2286e-01 2.0391e-01 -7.1000e+00
      vertex -6.3899e-01 2.8257e-01 -7.4500e+00
    endloop
  endfacet
  facet normal -9.7460e-01 1.7185e-01 -1.4362e-01
    outer loop
      vertex -7.7055e-01 3.3046e-01 -6.5000e+00
      vertex -6.3899e-01 2.8257e-01 -7.4500e+00
      vertex -6.8000e-01 5.0000e-02 -7.4500e+00
    endloop
  endfacet
  facet normal -9.7460e-01 1.7185e-01 -1.4362e-01
    outer loop
      vertex -7.7055e-01 3.3046e-01 -6.5000e+00
      vertex -6.8000e-01 5.0000e-02 -7.4500e+00
      vertex -8.2000e-01 5.0000e-02 -6.5000e+00
    endloop
  endfacet
  facet normal 8.2678e-01 -1.4578e-01 -5.4331e-01
    outer loop
      vertex -6.3899e-01 2.8257e-01 -7.4500e+00
      vertex -4.2286e-01 2.0391e-01 -7.1000e+00
      vertex -4.5000e-01 5.0000e-02 -7.1000e+00
    endloop
  endfacet
  facet normal 8.2678e-01 -1.4578e-01 -5.4331e-01
    outer loop
      vertex -6.3899e-01 2.8257e-01 -7.4500e+00
      vertex -4.5000e-01 5.0000e-02 -7.1000e+00
      vertex -6.8000e-01 5.0000e-02 -7.4500e+00
    endloop
  endfacet
  facet normal -9.7460e-01 -1.7185e-01 -1.4362e-01
    outer loop
      vertex -8.2000e-01 5.0000e-02 -6.5000e+00
      vertex -6.8000e-01 5.0000e-02 -7.4500e+00
      vertex -6.3899e-01 -1.8257e-01 -7.4500e+00
    endloop
  endfacet
  facet normal -9.7460e-01 -1.7185e-01 -1.4362e-01
    outer loop
      vertex -8.2000e-01 5.0000e-02 -6.5000e+00
      vertex -6.3899e-01 -1.8257e-01 -7.4500e+00
      vertex -7.7055e-01 -2.3046e-01 -6.5000e+00
    endloop
  endfacet
  facet normal 8.2678e-01 1.4578e-01 -5.4331e-01
    outer loop
      vertex -6.8000e-01 5.0000e-02 -7.4500e+00
      vertex -4.5000e-01 5.0000e-02 -7.1000e+00
      vertex -4.2286e-01 -1.0391e-01 -7.1000e+00
    endloop
  endfacet
  facet normal 8.2678e-01 1.4578e-01 -5.4331e-01
    outer loop
      vertex -6.8000e-01 5.0000e-02 -7.4500e+00
      vertex -4.2286e-01 -1.0391e-01 -7.1000e+00
      vertex -6.3899e-01 -1.8257e-01 -7.4500e+00
    endloop
  endfacet
  facet normal -8.5705e-01 -4.9482e-01 -1.4362e-01
    outer loop
      vertex -7.7055e-01 -2.3046e-01 -6.5000e+00
      vertex -6.3899e-01 -1.8257e-01 -7.4500e+00
      vertex -5.2091e-01 -3.8710e-01 -7.4500e+00
    endloop
  endfacet
  facet normal -8.5705e-01 -4.9482e-01 -1.4362e-01
    outer loop
      vertex -7.7055e-01 -2.3046e-01 -6.5000e+00
      vertex -5.2091e-01 -3.8710e-01 -7.4500e+00
      vertex -6.2816e-01 -4.7709e-01 -6.5000e+00
    endloop
  endfacet
  facet normal 7.2706e-01 4.1977e-01 -5.4331e-01
    outer loop
      vertex -6.3899e-01 -1.8257e-01 -7.4500e+00
      vertex -4.2286e-01 -1.0391e-01 -7.1000e+00
      vertex -3.4472e-01 -2.3925e-01 -7.1000e+00
    endloop
  endfacet
  facet normal 7.2706e-01 4.1977e-01 -5.4331e-01
    outer loop
      vertex -6.3899e-01 -1.8257e-01 -7.4500e+00
      vertex -3.4472e-01 -2.3925e-01 -7.1000e+00
      vertex -5.2091e-01 -3.8710e-01 -7.4500e+00
    endloop
  endfacet
  facet normal -6.3612e-01 -7.5810e-01 -1.4362e-01
    outer loop
      vertex -6.2816e-01 -4.7709e-01 -6.5000e+00
      vertex -5.2091e-01 -3.8710e-01 -7.4500e+00
      vertex -3.4000e-01 -5.3890e-01 -7.4500e+00
    endloop
  endfacet
  facet normal -6.3612e-01 -7.5810e-01 -1.4362e-01
    outer loop
      vertex -6.2816e-01 -4.7709e-01 -6.5000e+00
      vertex -3.4000e-01 -5.3890e-01 -7.4500e+00
      vertex -4.1000e-01 -6.6014e-01 -6.5000e+00
    endloop
  endfacet
  facet normal 5.3964e-01 6.4312e-01 -5.4331e-01
    outer loop
      vertex -5.2091e-01 -3.8710e-01 -7.4500e+00
      vertex -3.4472e-01 -2.3925e-01 -7.1000e+00
      vertex -2.2500e-01 -3.3971e-01 -7.1000e+00
    endloop
  endfacet
  facet normal 5.3964e-01 6.4312e-01 -5.4331e-01
    outer loop
      vertex -5.2091e-01 -3.8710e-01 -7.4500e+00
      vertex -2.2500e-01 -3.3971e-01 -7.1000e+00
      vertex -3.4000e-01 -5.3890e-01 -7.4500e+00
    endloop
  endfacet
  facet normal -3.3847e-01 -9.2995e-01 -1.4362e-01
    outer loop
      vertex -4.1000e-01 -6.6014e-01 -6.5000e+00
      vertex -3.4000e-01 -5.3890e-01 -7.4500e+00
      vertex -1.1808e-01 -6.1967e-01 -7.4500e+00
    endloop
  endfacet
  facet normal -3.3847e-01 -9.2995e-01 -1.4362e-01
    outer loop
      vertex -4.1000e-01 -6.6014e-01 -6.5000e+00
      vertex -1.1808e-01 -6.1967e-01 -7.4500e+00
      vertex -1.4239e-01 -7.5754e-01 -6.5000e+00
    endloop
  endfacet
  facet normal 2.8714e-01 7.8890e-01 -5.4331e-01
    outer loop
      vertex -3.4000e-01 -5.3890e-01 -7.4500e+00
      vertex -2.2500e-01 -3.3971e-01 -7.1000e+00
      vertex -7.8142e-02 -3.9316e-01 -7.1000e+00
    endloop
  endfacet
  facet normal 2.8714e-01 7.8890e-01 -5.4331e-01
    outer loop
      vertex -3.4000e-01 -5.3890e-01 -7.4500e+00
      vertex -7.8142e-02 -3.9316e-01 -7.1000e+00
      vertex -1.1808e-01 -6.1967e-01 -7.4500e+00
    endloop
  endfacet
  facet normal -4.8972e-16 -9.8963e-01 -1.4362e-01
    outer loop
      vertex -1.4239e-01 -7.5754e-01 -6.5000e+00
      vertex -1.1808e-01 -6.1967e-01 -7.4500e+00
      vertex 1.1808e-01 -6.1967e-01 -7.4500e+00
    endloop
  endfacet
  facet normal 0.0000e+00 -9.8963e-01 -1.4362e-01
    outer loop
      vertex -1.4239e-01 -7.5754e-01 -6.5000e+00
      vertex 1.1808e-01 -6.1967e-01 -7.4500e+00
      vertex 1.4239e-01 -7.5754e-01 -6.5000e+00
    endloop
  endfacet
  facet normal 2.1300e-16 8.3953e-01 -5.4331e-01
    outer loop
      vertex -1.1808e-01 -6.1967e-01 -7.4500e+00
      vertex -7.8142e-02 -3.9316e-01 -7.1000e+00
      vertex 7.8142e-02 -3.9316e-01 -7.1000e+00
    endloop
  endfacet
  facet normal 3.9467e-16 8.3953e-01 -5.4331e-01
    outer loop
      vertex -1.1808e-01 -6.1967e-01 -7.4500e+00
      vertex 7.8142e-02 -3.9316e-01 -7.1000e+00
      vertex 1.1808e-01 -6.1967e-01 -7.4500e+00
    endloop
  endfacet
  facet normal 3.3847e-01 -9.2995e-01 -1.4362e-01
    outer loop
      vertex 1.4239e-01 -7.5754e-01 -6.5000e+00
      vertex 1.1808e-01 -6.1967e-01 -7.4500e+00
      vertex 3.4000e-01 -5.3890e-01 -7.4500e+00
    endloop
  endfacet
  facet normal 3.3847e-01 -9.2995e-01 -1.4362e-01
    outer loop
      vertex 1.4239e-01 -7.5754e-01 -6.5000e+00
      vertex 3.4000e-01 -5.3890e-01 -7.4500e+00
      vertex 4.1000e-01 -6.6014e-01 -6.5000e+00
    endloop
  endfacet
  facet normal -2.8714e-01 7.8890e-01 -5.4331e-01
    outer loop
      vertex 1.1808e-01 -6.1967e-01 -7.4500e+00
      vertex 7.8142e-02 -3.9316e-01 -7.1000e+00
      vertex 2.2500e-01 -3.3971e-01 -7.1000e+00
    endloop
  endfacet
  facet normal -2.8714e-01 7.8890e-01 -5.4331e-01
    outer loop
      vertex 1.1808e-01 -6.1967e-01 -7.4500e+00
      vertex 2.2500e-01 -3.3971e-01 -7.1000e+00
      vertex 3.4000e-01 -5.3890e-01 -7.4500e+00
    endloop
  endfacet
  facet normal 6.3612e-01 -7.5810e-01 -1.4362e-01
    outer loop
      vertex 4.1000e-01 -6.6014e-01 -6.5000e+00
      vertex 3.4000e-01 -5.3890e-01 -7.4500e+00
      vertex 5.2091e-01 -3.8710e-01 -7.4500e+00
    endloop
  endfacet
  facet normal 6.3612e-01 -7.5810e-01 -1.4362e-01
    outer loop
      vertex 4.1000e-01 -6.6014e-01 -6.5000e+00
      vertex 5.2091e-01 -3.8710e-01 -7.4500e+00
      vertex 6.2816e-01 -4.7709e-01 -6.5000e+00
    endloop
  endfacet
  facet normal -5.3964e-01 6.4312e-01 -5.4331e-01
    outer loop
      vertex 3.4000e-01 -5.3890e-01 -7.4500e+00
      vertex 2.2500e-01 -3.3971e-01 -7.1000e+00
      vertex 3.4472e-01 -2.3925e-01 -7.1000e+00
    endloop
  endfacet
  facet normal -5.3964e-01 6.4312e-01 -5.4331e-01
    outer loop
      vertex 3.4000e-01 -5.3890e-01 -7.4500e+00
      vertex 3.4472e-01 -2.3925e-01 -7.1000e+00
      vertex 5.2091e-01 -3.8710e-01 -7.4500e+00
    endloop
  endfacet
  facet normal 8.5705e-01 -4.9482e-01 -1.4362e-01
    outer loop
      vertex 6.2816e-01 -4.7709e-01 -6.5000e+00
      vertex 5.2091e-01 -3.8710e-01 -7.4500e+00
      vertex 6.3899e-01 -1.8257e-01 -7.4500e+00
    endloop
  endfacet
  facet normal 8.5705e-01 -4.9482e-01 -1.4362e-01
    outer loop
      vertex 6.2816e-01 -4.7709e-01 -6.5000e+00
      vertex 6.3899e-01 -1.8257e-01 -7.4500e+00
      vertex 7.7055e-01 -2.3046e-01 -6.5000e+00
    endloop
  endfacet
  facet normal -7.2706e-01 4.1977e-01 -5.4331e-01
    outer loop
      vertex 5.2091e-01 -3.8710e-01 -7.4500e+00
      vertex 3.4472e-01 -2.3925e-01 -7.1000e+00
      vertex 4.2286e-01 -1.0391e-01 -7.1000e+00
    endloop
  endfacet
  facet normal -7.2706e-01 4.1977e-01 -5.4331e-01
    outer loop
      vertex 5.2091e-01 -3.8710e-01 -7.4500e+00
      vertex 4.2286e-01 -1.0391e-01 -7.1000e+00
      vertex 6.3899e-01 -1.8257e-01 -7.4500e+00
    endloop
  endfacet
  facet normal 9.7460e-01 -1.7185e-01 -1.4362e-01
    outer loop
      vertex 7.7055e-01 -2.3046e-01 -6.5000e+00
      vertex 6.3899e-01 -1.8257e-01 -7.4500e+00
      vertex 6.8000e-01 5.0000e-02 -7.4500e+00
    endloop
  endfacet
  facet normal 9.7460e-01 -1.7185e-01 -1.4362e-01
    outer loop
      vertex 7.7055e-01 -2.3046e-01 -6.5000e+00
      vertex 6.8000e-01 5.0000e-02 -7.4500e+00
      vertex 8.2000e-01 5.0000e-02 -6.5000e+00
    endloop
  endfacet
  facet normal -8.2678e-01 1.4578e-01 -5.4331e-01
    outer loop
      vertex 6.3899e-01 -1.8257e-01 -7.4500e+00
      vertex 4.2286e-01 -1.0391e-01 -7.1000e+00
      vertex 4.5000e-01 5.0000e-02 -7.1000e+00
    endloop
  endfacet
  facet normal -8.2678e-01 1.4578e-01 -5.4331e-01
    outer loop
      vertex 6.3899e-01 -1.8257e-01 -7.4500e+00
      vertex 4.5000e-01 5.0000e-02 -7.1000e+00
      vertex 6.8000e-01 5.0000e-02 -7.4500e+00
    endloop
  endfacet
  facet normal 7.0167e-01 1.2372e-01 7.0167e-01
    outer loop
      vertex 0.0000e+00 5.0000e-02 -6.6500e+00
      vertex 4.5000e-01 5.0000e-02 -7.1000e+00
      vertex 4.2286e-01 2.0391e-01 -7.1000e+00
    endloop
  endfacet
  facet normal 6.1704e-01 3.5625e-01 7.0167e-01
    outer loop
      vertex 0.0000e+00 5.0000e-02 -6.6500e+00
      vertex 4.2286e-01 2.0391e-01 -7.1000e+00
      vertex 3.4472e-01 3.3925e-01 -7.1000e+00
    endloop
  endfacet
  facet normal 4.5799e-01 5.4581e-01 7.0167e-01
    outer loop
      vertex 0.0000e+00 5.0000e-02 -6.6500e+00
      vertex 3.4472e-01 3.3925e-01 -7.1000e+00
      vertex 2.2500e-01 4.3971e-01 -7.1000e+00
    endloop
  endfacet
  facet normal 2.4369e-01 6.6953e-01 7.0167e-01
    outer loop
      vertex 0.0000e+00 5.0000e-02 -6.6500e+00
      vertex 2.2500e-01 4.3971e-01 -7.1000e+00
      vertex 7.8142e-02 4.9316e-01 -7.1000e+00
    endloop
  endfacet
  facet normal 0.0000e+00 7.1250e-01 7.0167e-01
    outer loop
      vertex 0.0000e+00 5.0000e-02 -6.6500e+00
      vertex 7.8142e-02 4.9316e-01 -7.1000e+00
      vertex -7.8142e-02 4.9316e-01 -7.1000e+00
    endloop
  endfacet
  facet normal -2.4369e-01 6.6953e-01 7.0167e-01
    outer loop
      vertex 0.0000e+00 5.0000e-02 -6.6500e+00
      vertex -7.8142e-02 4.9316e-01 -7.1000e+00
      vertex -2.2500e-01 4.3971e-01 -7.1000e+00
    endloop
  endfacet
  facet normal -4.5799e-01 5.4581e-01 7.0167e-01
    outer loop
      vertex 0.0000e+00 5.0000e-02 -6.6500e+00
      vertex -2.2500e-01 4.3971e-01 -7.1000e+00
      vertex -3.4472e-01 3.3925e-01 -7.1000e+00
    endloop
  endfacet
  facet normal -6.1704e-01 3.5625e-01 7.0167e-01
    outer loop
      vertex 0.0000e+00 5.0000e-02 -6.6500e+00
      vertex -3.4472e-01 3.3925e-01 -7.1000e+00
      vertex -4.2286e-01 2.0391e-01 -7.1000e+00
    endloop
  endfacet
  facet normal -7.0167e-01 1.2372e-01 7.0167e-01
    outer loop
      vertex 0.0000e+00 5.0000e-02 -6.6500e+00
      vertex -4.2286e-01 2.0391e-01 -7.1000e+00
      vertex -4.5000e-01 5.0000e-02 -7.1000e+00
    endloop
  endfacet
  facet normal -7.0167e-01 -1.2372e-01 7.0167e-01
    outer loop
      vertex 0.0000e+00 5.0000e-02 -6.6500e+00
      vertex -4.5000e-01 5.0000e-02 -7.1000e+00
      vertex -4.2286e-01 -1.0391e-01 -7.1000e+00
    endloop
  endfacet
  facet normal -6.1704e-01 -3.5625e-01 7.0167e-01
    outer loop
      vertex 0.0000e+00 5.0000e-02 -6.6500e+00
      vertex -4.2286e-01 -1.0391e-01 -7.1000e+00
      vertex -3.4472e-01 -2.3925e-01 -7.1000e+00
    endloop
  endfacet
  facet normal -4.5799e-01 -5.4581e-01 7.0167e-01
    outer loop
      vertex 0.0000e+00 5.0000e-02 -6.6500e+00
      vertex -3.4472e-01 -2.3925e-01 -7.1000e+00
      vertex -2.2500e-01 -3.3971e-01 -7.1000e+00
    endloop
  endfacet
  facet normal -2.4369e-01 -6.6953e-01 7.0167e-01
    outer loop
      vertex 0.0000e+00 5.0000e-02 -6.6500e+00
      vertex -2.2500e-01 -3.3971e-01 -7.1000e+00
      vertex -7.8142e-02 -3.9316e-01 -7.1000e+00
    endloop
  endfacet
  facet normal -2.8120e-16 -7.1250e-01 7.0167e-01
    outer loop
      vertex 0.0000e+00 5.0000e-02 -6.6500e+00
      vertex -7.8142e-02 -3.9316e-01 -7.1000e+00
      vertex 7.8142e-02 -3.9316e-01 -7.1000e+00
    endloop
  endfacet
  facet normal 2.4369e-01 -6.6953e-01 7.0167e-01
    outer loop
      vertex 0.0000e+00 5.0000e-02 -6.6500e+00
      vertex 7.8142e-02 -3.9316e-01 -7.1000e+00
      vertex 2.2500e-01 -3.3971e-01 -7.1000e+00
    endloop
  endfacet
  facet normal 4.5799e-01 -5.4581e-01 7.0167e-01
    outer loop
      vertex 0.0000e+00 5.0000e-02 -6.6500e+00
      vertex 2.2500e-01 -3.3971e-01 -7.1000e+00
      vertex 3.4472e-01 -2.3925e-01 -7.1000e+00
    endloop
  endfacet
  facet normal 6.1704e-01 -3.5625e-01 7.0167e-01
    outer loop
      vertex 0.0000e+00 5.0000e-02 -6.6500e+00
      vertex 3.4472e-01 -2.3925e-01 -7.1000e+00
      vertex 4.2286e-01 -1.0391e-01 -7.1000e+00
    endloop
  endfacet
  facet normal 7.0167e-01 -1.2372e-01 7.0167e-01
    outer loop
      vertex 0.0000e+00 5.0000e-02 -6.6500e+00
      vertex 4.2286e-01 -1.0391e-01 -7.1000e+00
      vertex 4.5000e-01 5.0000e-02 -7.1000e+00
    endloop
  endfacet
  facet normal 0.0000e+00 0.0000e+00 1.0000e+00
    outer loop
      vertex 0.0000e+00 7.0000e-01 -6.5000e+00
      vertex 8.2000e-01 5.0000e-02 -6.5000e+00
      vertex 7.7055e-01 3.3046e-01 -6.5000e+00
    endloop
  endfacet
  facet normal 0.0000e+00 0.0000e+00 1.0000e+00
    outer loop
      vertex 0.0000e+00 7.0000e-01 -6.5000e+00
      vertex 7.7055e-01 3.3046e-01 -6.5000e+00
      vertex 1.1700e+00 5.2500e-01 -6.5000e+00
    endloop
  endfacet
  facet normal -0.0000e+00 0.0000e+00 -1.0000e+00
    outer loop
      vertex 1.1700e+00 5.2500e-01 -6.5000e+00
      vertex 7.7055e-01 3.3046e-01 -6.5000e+00
      vertex 6.2816e-01 5.7709e-01 -6.5000e+00
    endloop
  endfacet
  facet normal 0.0000e+00 0.0000e+00 -1.0000e+00
    outer loop
      vertex 1.1700e+00 5.2500e-01 -6.5000e+00
      vertex 6.2816e-01 5.7709e-01 -6.5000e+00
      vertex 4.1000e-01 7.6014e-01 -6.5000e+00
    endloop
  endfacet
  facet normal 0.0000e+00 0.0000e+00 1.0000e+00
    outer loop
      vertex 1.1700e+00 5.2500e-01 -6.5000e+00
      vertex 4.1000e-01 7.6014e-01 -6.5000e+00
      vertex 1.8000e+00 0.0000e+00 -6.5000e+00
    endloop
  endfacet
  facet normal 0.0000e+00 0.0000e+00 1.0000e+00
    outer loop
      vertex 1.8000e+00 0.0000e+00 -6.5000e+00
      vertex 4.1000e-01 7.6014e-01 -6.5000e+00
      vertex 1.4239e-01 8.5754e-01 -6.5000e+00
    endloop
  endfacet
  facet normal 0.0000e+00 0.0000e+00 1.0000e+00
    outer loop
      vertex 1.8000e+00 0.0000e+00 -6.5000e+00
      vertex 1.4239e-01 8.5754e-01 -6.5000e+00
      vertex -4.1000e-01 7.6014e-01 -6.5000e+00
    endloop
  endfacet
  facet normal 0.0000e+00 0.0000e+00 1.0000e+00
    outer loop
      vertex 1.8000e+00 0.0000e+00 -6.5000e+00
      vertex -4.1000e-01 7.6014e-01 -6.5000e+00
      vertex 1.1700e+00 -5.2500e-01 -6.5000e+00
    endloop
  endfacet
  facet normal 0.0000e+00 0.0000e+00 1.0000e+00
    outer loop
      vertex 1.1700e+00 -5.2500e-01 -6.5000e+00
      vertex -4.1000e-01 7.6014e-01 -6.5000e+00
      vertex -6.2816e-01 5.7709e-01 -6.5000e+00
    endloop
  endfacet
  facet normal 0.0000e+00 0.0000e+00 1.0000e+00
    outer loop
      vertex 1.1700e+00 -5.2500e-01 -6.5000e+00
      vertex -6.2816e-01 5.7709e-01 -6.5000e+00
      vertex -7.7055e-01 3.3046e-01 -6.5000e+00
    endloop
  endfacet
  facet normal 0.0000e+00 0.0000e+00 1.0000e+00
    outer loop
      vertex 1.1700e+00 -5.2500e-01 -6.5000e+00
      vertex -7.7055e-01 3.3046e-01 -6.5000e+00
      vertex 0.0000e+00 -7.0000e-01 -6.5000e+00
    endloop
  endfacet
  facet normal 0.0000e+00 0.0000e+00 1.0000e+00
    outer loop
      vertex 0.0000e+00 -7.0000e-01 -6.5000e+00
      vertex -7.7055e-01 3.3046e-01 -6.5000e+00
      vertex -8.2000e-01 5.0000e-02 -6.5000e+00
    endloop
  endfacet
  facet normal 0.0000e+00 0.0000e+00 1.0000e+00
    outer loop
      vertex 0.0000e+00 -7.0000e-01 -6.5000e+00
      vertex -8.2000e-01 5.0000e-02 -6.5000e+00
      vertex -7.7055e-01 -2.3046e-01 -6.5000e+00
    endloop
  endfacet
  facet normal 0.0000e+00 0.0000e+00 1.0000e+00
    outer loop
      vertex 0.0000e+00 -7.0000e-01 -6.5000e+00
      vertex -7.7055e-01 -2.3046e-01 -6.5000e+00
      vertex -1.1700e+00 -5.2500e-01 -6.5000e+00
    endloop
  endfacet
  facet normal 0.0000e+00 0.0000e+00 -1.0000e+00
    outer loop
      vertex -1.1700e+00 -5.2500e-01 -6.5000e+00
      vertex -7.7055e-01 -2.3046e-01 -6.5000e+00
      vertex -6.2816e-01 -4.7709e-01 -6.5000e+00
    endloop
  endfacet
  facet normal 0.0000e+00 0.0000e+00 -1.0000e+00
    outer loop
      vertex -1.1700e+00 -5.2500e-01 -6.5000e+00
      vertex -6.2816e-01 -4.7709e-01 -6.5000e+00
      vertex -4.1000e-01 -6.6014e-01 -6.5000e+00
    endloop
  endfacet
  facet normal -0.0000e+00 -0.0000e+00 1.0000e+00
    outer loop
      vertex -1.1700e+00 -5.2500e-01 -6.5000e+00
      vertex -4.1000e-01 -6.6014e-01 -6.5000e+00
      vertex -1.8000e+00 0.0000e+00 -6.5000e+00
    endloop
  endfacet
  facet normal 0.0000e+00 0.0000e+00 1.0000e+00
    outer loop
      vertex -1.8000e+00 0.0000e+00 -6.5000e+00
      vertex -4.1000e-01 -6.6014e-01 -6.5000e+00
      vertex 1.4239e-01 -7.5754e-01 -6.5000e+00
    endloop
  endfacet
  facet normal 0.0000e+00 0.0000e+00 1.0000e+00
    outer loop
      vertex -1.8000e+00 0.0000e+00 -6.5000e+00
      vertex 1.4239e-01 -7.5754e-01 -6.5000e+00
      vertex 4.1000e-01 -6.6014e-01 -6.5000e+00
    endloop
  endfacet
  facet normal -0.0000e+00 0.0000e+00 1.0000e+00
    outer loop
      vertex -1.8000e+00 0.0000e+00 -6.5000e+00
      vertex 4.1000e-01 -6.6014e-01 -6.5000e+00
      vertex -1.1700e+00 5.2500e-01 -6.5000e+00
    endloop
  endfacet
  facet normal 0.0000e+00 0.0000e+00 1.0000e+00
    outer loop
      vertex -1.1700e+00 5.2500e-01 -6.5000e+00
      vertex 4.1000e-01 -6.6014e-01 -6.5000e+00
      vertex 6.2816e-01 -4.7709e-01 -6.5000e+00
    endloop
  endfacet
  facet normal 0.0000e+00 0.0000e+00 1.0000e+00
    outer loop
      vertex -1.1700e+00 5.2500e-01 -6.5000e+00
      vertex 6.2816e-01 -4.7709e-01 -6.5000e+00
      vertex 7.7055e-01 -2.3046e-01 -6.5000e+00
    endloop
  endfacet
  facet normal -0.0000e+00 0.0000e+00 1.0000e+00
    outer loop
      vertex -1.1700e+00 5.2500e-01 -6.5000e+00
      vertex 7.7055e-01 -2.3046e-01 -6.5000e+00
      vertex 0.0000e+00 7.0000e-01 -6.5000e+00
    endloop
  endfacet
  facet normal 0.0000e+00 0.0000e+00 1.0000e+00
    outer loop
      vertex 0.0000e+00 7.0000e-01 -6.5000e+00
      vertex 7.7055e-01 -2.3046e-01 -6.5000e+00
      vertex 8.2000e-01 5.0000e-02 -6.5000e+00
    endloop
  endfacet
  facet normal -8.1611e-02 9.9641e-01 2.2301e-02
    outer loop
      vertex 1.0000e+00 -1.0200e+00 1.2000e+00
      vertex 1.8000e+00 -9.5000e-01 1.0000e+00
      vertex 1.7000e+00 -9.0000e-01 -1.6000e+00
    endloop
  endfacet
  facet normal -1.0363e-01 9.9448e-01 1.6714e-02
    outer loop
      vertex 1.0000e+00 -1.0200e+00 1.2000e+00
      vertex 1.7000e+00 -9.0000e-01 -1.6000e+00
      vertex 9.0000e-01 -9.8000e-01 -1.8000e+00
    endloop
  endfacet
  facet normal -8.1611e-02 -9.9641e-01 -2.2301e-02
    outer loop
      vertex -1.0000e+00 -1.0200e+00 1.2000e+00
      vertex -1.8000e+00 -9.5000e-01 1.0000e+00
      vertex -1.7000e+00 -9.0000e-01 -1.6000e+00
    endloop
  endfacet
  facet normal -1.0363e-01 -9.9448e-01 -1.6714e-02
    outer loop
      vertex -1.0000e+00 -1.0200e+00 1.2000e+00
      vertex -1.7000e+00 -9.0000e-01 -1.6000e+00
      vertex -9.0000e-01 -9.8000e-01 -1.8000e+00
    endloop
  endfacet
endsolid toy_f35_jet
